{"stats":{"minecraft:broken":{"minecraft:stone_pickaxe":2,"mores:tin_pickaxe":1,"minecraft:stone_axe":1,"minecraft:wooden_pickaxe":1},"minecraft:mined":{"minecraft:deepslate_redstone_ore":6,"minecraft:large_amethyst_bud":1,"minecraft:oak_sapling":1,"mores:cobalt_ore":15,"minecraft:amethyst_cluster":11,"minecraft:crafting_table":7,"minecraft:torch":6,"minecraft:budding_amethyst":6,"minecraft:calcite":22,"minecraft:cobblestone":1,"minecraft:lapis_ore":1,"minecraft:diorite":18,"mores:tin_ore":23,"minecraft:wall_torch":12,"minecraft:amethyst_block":55,"minecraft:furnace":3,"minecraft:birch_log":5,"minecraft:iron_ore":59,"minecraft:andesite":19,"minecraft:yellow_bed":7,"minecraft:grass":3,"minecraft:pointed_dripstone":10,"minecraft:coal_ore":87,"minecraft:oak_log":86,"minecraft:deepslate_iron_ore":5,"minecraft:dirt":3,"minecraft:gravel":9,"minecraft:dripstone_block":3,"mores:silver_ore":23,"minecraft:smooth_basalt":12,"minecraft:deepslate":71,"minecraft:stone":85,"minecraft:mossy_stone_bricks":2,"minecraft:oak_leaves":8},"minecraft:dropped":{"minecraft:gravel":11,"minecraft:dripstone_block":3,"minecraft:pointed_dripstone":21,"minecraft:light_gray_wool":1,"mores:tin_boots":1,"mores:silver_leggings":1,"minecraft:flint":1,"mores:tin_helmet":1,"minecraft:diorite":13,"mores:tin_chestplate":1,"minecraft:andesite":18,"minecraft:oak_sapling":28,"minecraft:arrow":1,"minecraft:calcite":15,"minecraft:smooth_basalt":8,"minecraft:bone":1},"minecraft:picked_up":{"minecraft:birch_log":5,"minecraft:crafting_table":7,"minecraft:andesite":18,"minecraft:leather":3,"mores:tin_helmet":1,"minecraft:flint":1,"minecraft:oak_log":66,"minecraft:yellow_bed":7,"minecraft:amethyst_block":55,"minecraft:lapis_lazuli":7,"minecraft:dirt":1,"minecraft:cooked_mutton":5,"minecraft:bone":1,"minecraft:apple":5,"minecraft:cobbled_deepslate":67,"minecraft:iron_ingot":8,"minecraft:beef":8,"minecraft:oak_boat":1,"minecraft:calcite":22,"minecraft:light_gray_wool":2,"minecraft:furnace":3,"minecraft:stick":8,"minecraft:raw_iron":76,"minecraft:smooth_basalt":12,"minecraft:torch":18,"minecraft:dripstone_block":3,"minecraft:gravel":11,"minecraft:amethyst_shard":36,"minecraft:pointed_dripstone":21,"mores:raw_cobalt":15,"minecraft:diorite":16,"minecraft:redstone":27,"mores:raw_tin":81,"mores:tin_ingot":2,"minecraft:arrow":1,"minecraft:rotten_flesh":3,"minecraft:gray_wool":1,"mores:raw_silver":23,"minecraft:oak_sapling":29,"minecraft:mutton":20,"minecraft:coal":115,"minecraft:white_wool":10,"minecraft:cobblestone":76,"minecraft:ender_pearl":1},"minecraft:used":{"minecraft:diorite":3,"mores:amethyst_chestplate":1,"minecraft:stone_pickaxe":263,"mores:tin_pickaxe":100,"minecraft:wooden_pickaxe":60,"mores:amethyst_boots":1,"mores:tin_helmet":1,"minecraft:rotten_flesh":3,"mores:tin_boots":1,"minecraft:torch":89,"mores:amethyst_leggings":1,"minecraft:dirt":1,"mores:silver_leggings":1,"minecraft:crafting_table":7,"minecraft:apple":5,"mores:amethyst_helmet":1,"minecraft:iron_pickaxe":119,"minecraft:smooth_basalt":2,"minecraft:stone_axe":159,"minecraft:light_gray_wool":1,"minecraft:cobblestone":20,"minecraft:furnace":3,"mores:tin_chestplate":1,"minecraft:oak_sapling":1,"minecraft:yellow_bed":6,"minecraft:oak_boat":1,"minecraft:calcite":6,"minecraft:cooked_beef":6,"minecraft:gray_wool":1},"minecraft:killed_by":{"minecraft:skeleton":1},"minecraft:crafted":{"minecraft:cooked_beef":8,"mores:silver_ingot":7,"mores:silver_leggings":1,"mores:amethyst_boots":1,"minecraft:oak_planks":72,"mores:tin_pickaxe":1,"mores:tin_chestplate":1,"minecraft:crafting_table":1,"minecraft:wooden_pickaxe":1,"mores:tin_helmet":1,"minecraft:furnace":2,"mores:amethyst_leggings":1,"minecraft:stone_axe":2,"minecraft:cooked_mutton":11,"minecraft:oak_boat":1,"mores:tin_boots":1,"minecraft:iron_axe":1,"mores:tin_ingot":21,"minecraft:stick":48,"minecraft:iron_ingot":16,"minecraft:iron_pickaxe":1,"minecraft:stone_pickaxe":2,"mores:amethyst_helmet":1,"minecraft:torch":96,"mores:amethyst_chestplate":1},"minecraft:killed":{"minecraft:skeleton":1,"minecraft:sheep":13,"minecraft:zombie":2,"minecraft:enderman":1,"minecraft:cow":3},"minecraft:custom":{"minecraft:interact_with_furnace":34,"minecraft:mob_kills":20,"minecraft:interact_with_crafting_table":18,"minecraft:leave_game":4,"minecraft:time_since_death":21009,"minecraft:sleep_in_bed":7,"minecraft:time_since_rest":9028,"minecraft:sprint_one_cm":269066,"minecraft:damage_taken":789,"minecraft:walk_one_cm":90410,"minecraft:drop":23,"minecraft:damage_dealt":2488,"minecraft:swim_one_cm":28322,"minecraft:fly_one_cm":94586,"minecraft:open_chest":3,"minecraft:crouch_one_cm":2761,"minecraft:play_time":92024,"tombstone:undead_killed":3,"minecraft:deaths":1,"minecraft:sneak_time":3363,"minecraft:walk_under_water_one_cm":4945,"minecraft:jump":733,"minecraft:walk_on_water_one_cm":5904,"minecraft:total_world_time":92024,"minecraft:fall_one_cm":11216}},"DataVersion":3465}