{"stats":{"minecraft:broken":{"minecraft:iron_chestplate":1,"minecraft:stone_pickaxe":2,"minecraft:stone_axe":1,"securitycraft:universal_block_reinforcer_lvl1":1,"mores:tourmaline_leggings":1,"mores:amethyst_boots":1,"mores:amethyst_helmet":2,"mores:amethyst_axe":1,"mores:sterling_helmet":1,"mores:sterling_boots":1,"minecraft:wooden_pickaxe":1,"mores:cobalt_pickaxe":1,"mores:tin_pickaxe":1,"minecraft:iron_axe":4,"mores:amethyst_chestplate":1,"minecraft:iron_pickaxe":4,"mores:amethyst_leggings":1,"mores:amethyst_pickaxe":1},"minecraft:mined":{"minecraft:dark_oak_planks":16,"minecraft:large_amethyst_bud":3,"minecraft:spruce_planks":101,"minecraft:white_bed":1,"minecraft:oak_sapling":1,"minecraft:jungle_slab":3,"minecraft:sculk_vein":1,"minecraft:obsidian":8,"minecraft:granite":19,"minecraft:budding_amethyst":6,"minecraft:stripped_crimson_hyphae":1,"minecraft:grass_block":5,"minecraft:light_gray_bed":3,"minecraft:white_concrete":3,"minecraft:mud_bricks":36,"minecraft:hopper":4,"minecraft:spawner":20,"mores:deepslate_tourmaline_ore":8,"minecraft:sculk_catalyst":3,"minecraft:dark_oak_trapdoor":1,"minecraft:iron_ore":59,"minecraft:cobbled_deepslate":21,"minecraft:fire":2,"minecraft:granite_slab":31,"minecraft:dark_oak_stairs":3,"minecraft:sculk_shrieker":3,"minecraft:pointed_dripstone":10,"mores:deepslate_sapphire_ore":6,"minecraft:iron_bars":6,"minecraft:oak_stairs":1,"minecraft:quartz_slab":4,"minecraft:spruce_slab":5,"mores:deepslate_moissanite_ore":2,"minecraft:deepslate_redstone_ore":15,"minecraft:amethyst_cluster":28,"mores:deepslate_anthracite_ore":20,"minecraft:powder_snow":1,"minecraft:torch":25,"minecraft:jungle_stairs":3,"minecraft:calcite":23,"minecraft:poppy":1,"minecraft:chest":24,"minecraft:spruce_wall_sign":1,"minecraft:cobblestone":39,"minecraft:oak_planks":156,"minecraft:sugar_cane":1,"minecraft:bricks":43,"mores:deepslate_turquoise_ore":1,"minecraft:wall_torch":36,"minecraft:amethyst_block":60,"minecraft:birch_log":5,"minecraft:lilac":1,"minecraft:stripped_oak_wood":10,"minecraft:light_gray_wool":14,"minecraft:stone_brick_stairs":35,"minecraft:grass":13,"minecraft:oak_log":246,"minecraft:sand":62,"minecraft:dirt":98,"mores:silver_ore":23,"minecraft:stripped_birch_wood":3,"minecraft:smooth_basalt":13,"minecraft:tripwire_hook":2,"minecraft:deepslate":275,"mores:deepslate_topaz_ore":23,"minecraft:oak_leaves":25,"minecraft:dark_prismarine":7,"alexscaves:spelunkery_table":2,"minecraft:tuff":45,"minecraft:deepslate_diamond_ore":5,"minecraft:ladder":5,"minecraft:purple_terracotta":11,"minecraft:jungle_planks":2,"minecraft:spruce_leaves":9,"minecraft:acacia_slab":2,"minecraft:large_fern":7,"minecraft:hay_block":1,"minecraft:packed_mud":8,"minecraft:furnace":12,"minecraft:andesite":19,"mores:deepslate_cobalt_ore":1,"minecraft:bookshelf":17,"minecraft:cobblestone_slab":11,"minecraft:deepslate_iron_ore":9,"minecraft:stripped_oak_log":1,"minecraft:stone":605,"minecraft:bone_block":51,"minecraft:white_wool":1,"minecraft:pink_terracotta":7,"mores:cobalt_ore":15,"minecraft:brick_wall":16,"minecraft:spruce_door":1,"minecraft:polished_granite":19,"travelersbackpack:standard":1,"minecraft:crafting_table":38,"minecraft:rose_bush":1,"minecraft:andesite_slab":31,"minecraft:sculk_sensor":4,"minecraft:lectern":2,"minecraft:copper_ore":4,"minecraft:tall_grass":2,"minecraft:lapis_ore":6,"minecraft:red_glazed_terracotta":3,"minecraft:deepslate_gold_ore":16,"minecraft:sculk":10,"minecraft:diorite":21,"mores:tin_ore":23,"minecraft:spruce_stairs":6,"travelersbackpack:squid":2,"minecraft:red_terracotta":52,"mores:deepslate_ruby_ore":2,"minecraft:dark_oak_wall_sign":2,"minecraft:birch_leaves":34,"minecraft:spruce_log":200,"minecraft:yellow_bed":19,"minecraft:coal_ore":134,"minecraft:cherry_leaves":15,"minecraft:gravel":29,"minecraft:dripstone_block":3,"minecraft:cobweb":4,"minecraft:terracotta":127,"minecraft:acacia_planks":5,"minecraft:polished_andesite":45,"minecraft:stripped_acacia_wood":29,"minecraft:stone_bricks":486,"minecraft:mossy_stone_bricks":3,"minecraft:fern":2},"minecraft:picked_up":{"alexscaves:cave_tablet":1,"minecraft:oak_stairs":1,"minecraft:wither_rose":1,"minecraft:stone_brick_stairs":34,"minecraft:amethyst_block":56,"minecraft:string":10,"minecraft:dark_oak_trapdoor":1,"minecraft:raw_copper":11,"mores:tourmaline_gem":8,"minecraft:cobbled_deepslate":294,"minecraft:bucket":2,"minecraft:spruce_planks":85,"minecraft:cobblestone_slab":12,"minecraft:calcite":23,"minecraft:furnace":17,"minecraft:stick":82,"minecraft:torch":70,"minecraft:brick_wall":6,"minecraft:spruce_stairs":6,"mores:topaz_gem":23,"minecraft:pointed_dripstone":21,"tombstone:grave_dust":18,"minecraft:diorite":19,"minecraft:pink_terracotta":7,"mores:raw_tin":81,"minecraft:light_gray_bed":3,"minecraft:rotten_flesh":71,"minecraft:stripped_birch_wood":3,"minecraft:obsidian":2,"minecraft:iron_bars":6,"minecraft:cobblestone":683,"minecraft:birch_log":5,"minecraft:cooked_beef":3,"minecraft:andesite":18,"minecraft:flint":1,"minecraft:tuff":65,"minecraft:lapis_lazuli":35,"minecraft:dirt":102,"minecraft:polished_granite":19,"minecraft:bone":84,"minecraft:acacia_planks":8,"minecraft:bow":4,"minecraft:wheat_seeds":1,"minecraft:raw_gold":16,"minecraft:dark_oak_sign":2,"minecraft:mossy_stone_bricks":1,"mores:turquoise_gem":1,"minecraft:oak_planks":153,"travelersbackpack:squid":2,"minecraft:stripped_acacia_wood":7,"minecraft:sand":61,"minecraft:jungle_planks":1,"minecraft:granite_slab":40,"mores:raw_cobalt":16,"minecraft:ink_sac":7,"minecraft:jungle_slab":3,"minecraft:red_terracotta":50,"minecraft:dark_prismarine":7,"minecraft:bundle":7,"minecraft:polished_andesite":23,"minecraft:diamond":5,"minecraft:writable_book":1,"travelersbackpack:nether":1,"minecraft:granite":23,"minecraft:white_concrete":3,"minecraft:spruce_sign":1,"minecraft:emerald":4,"minecraft:oak_sapling":82,"mores:raw_silver":23,"minecraft:bricks":21,"minecraft:andesite_slab":38,"minecraft:crafting_table":47,"minecraft:azure_bluet":1,"minecraft:ladder":5,"mores:tin_helmet":1,"immersive_aircraft:biplane":6,"minecraft:item_frame":1,"minecraft:quartz_slab":4,"minecraft:beef":24,"minecraft:oak_boat":1,"minecraft:light_gray_wool":13,"minecraft:spruce_slab":5,"minecraft:lectern":2,"minecraft:sugar_cane":1,"minecraft:chest":24,"minecraft:raw_iron":77,"minecraft:stone":5,"minecraft:cookie":1,"minecraft:redstone":68,"minecraft:purple_terracotta":2,"minecraft:dark_oak_planks":10,"minecraft:arrow":75,"minecraft:jungle_stairs":3,"minecraft:hay_block":1,"securitycraft:reinforced_stone_bricks":304,"alexscaves:spelunkery_table":5,"mores:tourmaline_leggings":1,"minecraft:gold_ingot":3,"minecraft:bone_block":49,"minecraft:mutton":33,"minecraft:white_wool":21,"minecraft:mud_bricks":32,"minecraft:tripwire_hook":3,"minecraft:leather":18,"minecraft:red_glazed_terracotta":2,"minecraft:packed_mud":7,"minecraft:oak_log":214,"minecraft:yellow_bed":19,"minecraft:gunpowder":1,"tombstone:gift":2,"minecraft:cooked_mutton":8,"minecraft:apple":13,"minecraft:stone_bricks":493,"minecraft:iron_ingot":49,"minecraft:cooked_chicken":1,"tombstone:bag_of_seeds":2,"minecraft:stripped_oak_wood":10,"minecraft:iron_sword":2,"minecraft:dark_oak_stairs":4,"minecraft:book":51,"minecraft:sculk_catalyst":1,"minecraft:smooth_basalt":13,"minecraft:dripstone_block":3,"minecraft:gravel":30,"mores:ruby_gem":2,"minecraft:amethyst_shard":74,"minecraft:spruce_sapling":36,"mores:moissanite_gem":2,"minecraft:white_bed":1,"minecraft:spruce_log":145,"minecraft:spruce_door":3,"minecraft:spider_eye":1,"minecraft:leather_helmet":2,"mores:tin_ingot":2,"travelersbackpack:standard":1,"mores:sapphire_gem":6,"mores:anthracite":20,"minecraft:cherry_sapling":1,"minecraft:gray_wool":1,"alexscaves:cave_map":1,"minecraft:terracotta":83,"tombstone:magic_scroll":7,"minecraft:coal":338,"minecraft:hopper":4,"minecraft:ender_pearl":1},"minecraft:dropped":{"minecraft:spruce_sign":1,"minecraft:dark_oak_stairs":3,"minecraft:oak_log":24,"minecraft:crafting_table":9,"minecraft:leather":3,"mores:tin_ingot":3,"minecraft:flint":1,"mores:tin_helmet":2,"minecraft:dirt":5,"minecraft:writable_book":1,"minecraft:dark_oak_planks":1,"minecraft:birch_log":5,"minecraft:white_wool":10,"minecraft:bone":83,"minecraft:gravel":11,"minecraft:stone_axe":1,"minecraft:cobbled_deepslate":52,"minecraft:andesite_slab":2,"tombstone:gift":1,"minecraft:pointed_dripstone":21,"minecraft:rotten_flesh":7,"minecraft:oak_planks":36,"minecraft:azure_bluet":1,"mores:silver_leggings":1,"minecraft:ladder":4,"minecraft:iron_bars":12,"minecraft:arrow":10,"minecraft:polished_granite":9,"minecraft:purple_terracotta":2,"minecraft:wheat_seeds":1,"minecraft:dripstone_block":3,"minecraft:cobblestone":33,"alexscaves:spelunkery_table":1,"minecraft:amethyst_block":56,"minecraft:granite":10,"minecraft:spruce_door":1,"minecraft:spruce_stairs":4,"minecraft:diorite":14,"minecraft:ink_sac":2,"minecraft:white_concrete":3,"tombstone:grave_dust":6,"minecraft:granite_slab":34,"minecraft:paper":18,"minecraft:string":4,"minecraft:tripwire_hook":1,"minecraft:bucket":1,"minecraft:acacia_planks":4,"minecraft:spruce_sapling":4,"minecraft:smooth_basalt":11,"minecraft:redstone":4,"minecraft:bricks":5,"minecraft:furnace":5,"minecraft:brick_wall":6,"minecraft:tuff":35,"minecraft:light_gray_wool":1,"mores:tin_boots":1,"minecraft:red_terracotta":2,"minecraft:filled_map":1,"minecraft:spruce_planks":9,"mores:tin_chestplate":1,"minecraft:bundle":5,"minecraft:andesite":18,"minecraft:oak_sapling":79,"minecraft:calcite":17,"minecraft:terracotta":5},"minecraft:used":{"minecraft:cherry_sapling":1,"minecraft:dispenser":2,"minecraft:spruce_slab":5,"minecraft:ladder":1,"mores:tin_pickaxe":100,"minecraft:chest":40,"minecraft:iron_sword":4,"mores:tin_helmet":1,"minecraft:rotten_flesh":26,"minecraft:iron_chestplate":1,"minecraft:jungle_planks":1,"minecraft:carrot":153,"minecraft:jungle_slab":2,"minecraft:pink_terracotta":1,"minecraft:tuff":30,"minecraft:lava_bucket":2,"minecraft:bricks":15,"minecraft:quartz_slab":4,"mores:amethyst_pickaxe":702,"minecraft:stone_brick_stairs":14,"minecraft:stone_bricks":53,"minecraft:item_frame":1,"minecraft:bow":55,"minecraft:oak_sapling":3,"minecraft:furnace":14,"immersive_aircraft:biplane":7,"minecraft:dark_oak_stairs":1,"travelersbackpack:nether":3,"minecraft:diorite":5,"minecraft:stone_pickaxe":263,"minecraft:oak_planks":329,"minecraft:wooden_pickaxe":60,"mores:topaz_pickaxe":4,"minecraft:cookie":1,"mores:tin_boots":1,"minecraft:white_wool":1,"minecraft:dark_oak_trapdoor":1,"minecraft:sand":1,"alexscaves:cave_book":1,"securitycraft:universal_block_remover":4,"minecraft:bread":2,"minecraft:red_terracotta":48,"minecraft:polished_granite":1,"tombstone:grave_key":20,"minecraft:granite_slab":4,"minecraft:stripped_oak_wood":5,"minecraft:oak_boat":1,"minecraft:iron_bars":10,"mores:amethyst_chestplate":1,"simplyswords:iron_warglaive":95,"minecraft:spruce_planks":55,"mores:tourmaline_leggings":1,"minecraft:cooked_chicken":1,"minecraft:torch":396,"minecraft:dirt":72,"mores:silver_leggings":1,"minecraft:hopper":7,"simplyswords:diamond_longsword":222,"minecraft:spruce_stairs":2,"minecraft:granite":11,"minecraft:dark_oak_planks":5,"minecraft:iron_axe":883,"mores:amethyst_helmet":2,"travelersbackpack:squid":16,"minecraft:mud_bricks":26,"minecraft:smooth_basalt":2,"alexscaves:spelunkery_table":1,"minecraft:light_gray_wool":1,"minecraft:light_gray_bed":5,"mores:obsidian_shovel":2,"mores:obsidian_battleaxe":348,"tombstone:gift":3,"minecraft:cooked_beef":16,"minecraft:cobbled_deepslate":212,"minecraft:acacia_planks":9,"minecraft:calcite":6,"minecraft:cooked_mutton":25,"minecraft:polished_andesite":23,"minecraft:andesite_slab":34,"mores:amethyst_boots":1,"minecraft:stonecutter":1,"minecraft:red_glazed_terracotta":1,"minecraft:cobblestone_slab":14,"minecraft:leather_boots":3,"mores:amethyst_leggings":1,"minecraft:terracotta":77,"securitycraft:reinforced_stone_bricks":304,"minecraft:crafting_table":32,"minecraft:white_bed":2,"minecraft:spruce_log":1,"minecraft:oak_log":5,"mores:amethyst_axe":464,"minecraft:dark_prismarine":3,"minecraft:diamond_pickaxe":166,"minecraft:apple":19,"minecraft:iron_pickaxe":1120,"mores:cobalt_pickaxe":319,"minecraft:jungle_stairs":1,"mores:sterling_boots":3,"minecraft:stone_axe":199,"minecraft:cobblestone":101,"travelersbackpack:standard":25,"mores:tin_chestplate":1,"minecraft:bucket":6,"minecraft:yellow_bed":19,"minecraft:gray_wool":1,"minecraft:chainmail_leggings":1},"minecraft:killed_by":{"minecraft:wither_skeleton":7,"minecraft:zombie":25,"minecraft:illusioner":2,"minecraft:stray":2,"minecraft:enderman":1,"minecraft:warden":26,"minecraft:skeleton":29},"minecraft:crafted":{"immersive_aircraft:engine":1,"mores:silver_leggings":1,"minecraft:oak_planks":388,"minecraft:smooth_stone":3,"minecraft:cobblestone_slab":12,"minecraft:stone":1,"mores:amethyst_leggings":1,"minecraft:cooked_mutton":17,"minecraft:iron_bars":16,"securitycraft:laser_block":1,"minecraft:glass":33,"minecraft:hopper":3,"minecraft:bow":2,"mores:tin_ingot":21,"mores:amethyst_pickaxe":1,"immersive_aircraft:hull":3,"minecraft:chest":21,"mores:amethyst_helmet":2,"mores:silver_ingot":7,"mores:tin_chestplate":1,"minecraft:crafting_table":4,"minecraft:spruce_planks":156,"mores:cobalt_pickaxe":1,"minecraft:wooden_pickaxe":1,"travelersbackpack:standard":2,"mores:tin_helmet":1,"mores:amethyst_axe":1,"minecraft:copper_ingot":11,"minecraft:gold_block":20,"immersive_aircraft:propeller":1,"minecraft:light_gray_bed":2,"minecraft:dispenser":2,"minecraft:diamond_pickaxe":1,"minecraft:stick":108,"minecraft:iron_ingot":35,"minecraft:iron_pickaxe":3,"minecraft:iron_block":8,"minecraft:gold_ingot":6,"minecraft:shears":1,"securitycraft:universal_block_reinforcer_lvl1":1,"mores:amethyst_chestplate":1,"mores:amethyst_boots":1,"mores:tin_pickaxe":1,"minecraft:leather_boots":1,"minecraft:furnace":8,"minecraft:blast_furnace":1,"immersive_aircraft:biplane":1,"minecraft:piston":2,"alexscaves:cave_map":1,"minecraft:diamond_block":10,"minecraft:glass_pane":16,"mores:topaz_pickaxe":1,"travelersbackpack:white_sleeping_bag":2,"minecraft:iron_axe":5,"securitycraft:universal_block_remover":1,"minecraft:stone_pickaxe":2,"minecraft:redstone_block":1,"minecraft:cooked_beef":13,"immersive_aircraft:boiler":1,"mores:cobalt_ingot":3,"travelersbackpack:backpack_tank":4,"minecraft:bucket":1,"minecraft:stone_axe":2,"travelersbackpack:squid":1,"minecraft:oak_boat":1,"mores:tin_boots":1,"minecraft:stonecutter":1,"minecraft:white_bed":1,"minecraft:acacia_planks":12,"minecraft:torch":340},"minecraft:killed":{"minecraft:spider":6,"minecraft:skeleton":91,"minecraft:illusioner":1,"minecraft:zombie_villager":3,"minecraft:creeper":2,"minecraft:sheep":23,"minecraft:zombie":75,"minecraft:stray":1,"minecraft:cow":11,"minecraft:phantom":13,"minecraft:horse":4,"minecraft:drowned":1,"minecraft:warden":2,"minecraft:hoglin":1,"minecraft:squid":3,"minecraft:wither_skeleton":38,"minecraft:villager":2,"minecraft:enderman":1},"minecraft:custom":{"minecraft:interact_with_crafting_table":97,"minecraft:open_barrel":130,"minecraft:eat_cake_slice":4,"minecraft:leave_game":30,"minecraft:time_since_death":30558,"minecraft:sprint_one_cm":1771640,"minecraft:drop":123,"minecraft:talked_to_villager":3,"minecraft:play_time":833245,"minecraft:deaths":104,"minecraft:jump":6370,"minecraft:walk_on_water_one_cm":25546,"minecraft:interact_with_furnace":81,"minecraft:interact_with_loom":3,"minecraft:sleep_in_bed":31,"minecraft:damage_dealt":75722,"minecraft:crouch_one_cm":81553,"tombstone:undead_killed":222,"tombstone:villager_killed":2,"minecraft:interact_with_smoker":1,"minecraft:mob_kills":286,"minecraft:inspect_hopper":2,"minecraft:climb_one_cm":29642,"minecraft:walk_one_cm":996445,"minecraft:sneak_time":80356,"minecraft:walk_under_water_one_cm":17216,"minecraft:interact_with_blast_furnace":1,"minecraft:total_world_time":833245,"tombstone:raider_killed":14,"minecraft:tune_noteblock":4,"minecraft:interact_with_stonecutter":1,"minecraft:time_since_rest":29929,"minecraft:damage_taken":38255,"minecraft:swim_one_cm":83829,"minecraft:fly_one_cm":685581,"minecraft:open_chest":104,"minecraft:fall_one_cm":94083}},"DataVersion":3465}