{"stats":{"minecraft:used":{"minecraft:iron_bars":10,"mores:amethyst_chestplate":1,"mores:tin_pickaxe":100,"mores:tin_helmet":1,"minecraft:rotten_flesh":21,"minecraft:torch":280,"minecraft:dirt":5,"mores:silver_leggings":1,"minecraft:tuff":30,"minecraft:lava_bucket":2,"minecraft:iron_axe":255,"mores:amethyst_helmet":2,"mores:amethyst_pickaxe":89,"minecraft:smooth_basalt":2,"alexscaves:spelunkery_table":1,"minecraft:light_gray_wool":1,"minecraft:oak_sapling":3,"minecraft:furnace":13,"tombstone:gift":3,"immersive_aircraft:biplane":5,"minecraft:cooked_beef":8,"minecraft:cobbled_deepslate":212,"minecraft:calcite":6,"minecraft:cooked_mutton":20,"minecraft:diorite":3,"minecraft:oak_planks":12,"minecraft:stone_pickaxe":263,"minecraft:wooden_pickaxe":60,"mores:amethyst_boots":1,"minecraft:stonecutter":1,"mores:topaz_pickaxe":2,"mores:tin_boots":1,"mores:amethyst_leggings":1,"minecraft:crafting_table":19,"alexscaves:cave_book":1,"minecraft:oak_log":5,"minecraft:diamond_pickaxe":3,"minecraft:apple":5,"minecraft:iron_pickaxe":252,"mores:cobalt_pickaxe":319,"tombstone:grave_key":1,"minecraft:stone_axe":199,"minecraft:cobblestone":56,"mores:tin_chestplate":1,"minecraft:bucket":6,"minecraft:yellow_bed":16,"minecraft:oak_boat":1,"minecraft:gray_wool":1},"minecraft:broken":{"mores:amethyst_boots":1,"mores:amethyst_helmet":1,"minecraft:wooden_pickaxe":1,"minecraft:stone_pickaxe":2,"mores:cobalt_pickaxe":1,"mores:tin_pickaxe":1,"minecraft:iron_axe":1,"minecraft:stone_axe":1,"minecraft:iron_pickaxe":1},"minecraft:picked_up":{"minecraft:crafting_table":18,"alexscaves:cave_tablet":1,"mores:tin_helmet":1,"minecraft:amethyst_block":56,"minecraft:string":2,"minecraft:raw_copper":11,"immersive_aircraft:biplane":5,"mores:tourmaline_gem":8,"minecraft:cobbled_deepslate":294,"minecraft:beef":13,"minecraft:oak_boat":1,"minecraft:calcite":23,"minecraft:light_gray_wool":2,"minecraft:furnace":13,"minecraft:stick":18,"minecraft:raw_iron":77,"minecraft:stone":5,"minecraft:torch":48,"mores:topaz_gem":23,"minecraft:pointed_dripstone":21,"tombstone:grave_dust":6,"minecraft:diorite":19,"minecraft:redstone":68,"mores:raw_tin":81,"minecraft:arrow":7,"minecraft:rotten_flesh":33,"alexscaves:spelunkery_table":3,"mores:tourmaline_leggings":1,"minecraft:mutton":20,"minecraft:iron_bars":6,"minecraft:white_wool":10,"minecraft:cobblestone":186,"minecraft:birch_log":5,"minecraft:andesite":18,"minecraft:leather":4,"minecraft:flint":1,"minecraft:tuff":65,"minecraft:oak_log":89,"minecraft:yellow_bed":16,"minecraft:gunpowder":1,"minecraft:lapis_lazuli":35,"minecraft:dirt":5,"tombstone:gift":2,"minecraft:cooked_mutton":8,"minecraft:bone":12,"minecraft:apple":5,"minecraft:raw_gold":16,"minecraft:iron_ingot":31,"minecraft:oak_planks":1,"mores:turquoise_gem":1,"minecraft:book":3,"minecraft:sculk_catalyst":1,"minecraft:smooth_basalt":13,"minecraft:dripstone_block":3,"minecraft:gravel":11,"mores:ruby_gem":2,"minecraft:amethyst_shard":74,"mores:raw_cobalt":16,"mores:moissanite_gem":2,"minecraft:ink_sac":2,"mores:tin_ingot":2,"minecraft:bundle":3,"mores:sapphire_gem":6,"minecraft:diamond":5,"mores:anthracite":20,"minecraft:gray_wool":1,"alexscaves:cave_map":1,"tombstone:magic_scroll":3,"minecraft:oak_sapling":33,"mores:raw_silver":23,"minecraft:coal":243,"minecraft:ender_pearl":1},"minecraft:crafted":{"immersive_aircraft:engine":1,"mores:amethyst_chestplate":1,"mores:silver_leggings":1,"mores:amethyst_boots":1,"minecraft:smooth_stone":3,"minecraft:oak_planks":168,"mores:tin_pickaxe":1,"minecraft:furnace":8,"minecraft:blast_furnace":1,"immersive_aircraft:biplane":1,"minecraft:piston":2,"minecraft:stone":1,"mores:amethyst_leggings":1,"alexscaves:cave_map":1,"minecraft:cooked_mutton":12,"minecraft:iron_bars":16,"mores:topaz_pickaxe":1,"minecraft:iron_axe":2,"mores:amethyst_pickaxe":1,"mores:tin_ingot":21,"immersive_aircraft:hull":3,"minecraft:stone_pickaxe":2,"mores:amethyst_helmet":2,"minecraft:cooked_beef":8,"mores:silver_ingot":7,"immersive_aircraft:boiler":1,"mores:tin_chestplate":1,"minecraft:crafting_table":2,"mores:cobalt_ingot":3,"mores:cobalt_pickaxe":1,"minecraft:wooden_pickaxe":1,"mores:tin_helmet":1,"minecraft:copper_ingot":11,"minecraft:bucket":1,"minecraft:stone_axe":2,"immersive_aircraft:propeller":1,"minecraft:oak_boat":1,"mores:tin_boots":1,"minecraft:diamond_pickaxe":1,"minecraft:stick":108,"minecraft:iron_ingot":34,"minecraft:iron_pickaxe":1,"minecraft:stonecutter":1,"minecraft:torch":232},"minecraft:killed":{"minecraft:spider":3,"minecraft:skeleton":12,"minecraft:warden":2,"minecraft:zombie_villager":3,"minecraft:creeper":1,"minecraft:sheep":14,"minecraft:zombie":29,"minecraft:enderman":1,"minecraft:cow":5},"minecraft:mined":{"alexscaves:spelunkery_table":2,"minecraft:large_amethyst_bud":3,"minecraft:tuff":45,"minecraft:oak_sapling":1,"minecraft:deepslate_diamond_ore":5,"minecraft:sculk_vein":1,"minecraft:budding_amethyst":6,"minecraft:grass_block":4,"mores:deepslate_tourmaline_ore":8,"minecraft:sculk_catalyst":3,"minecraft:furnace":10,"minecraft:iron_ore":59,"minecraft:cobbled_deepslate":21,"minecraft:fire":2,"minecraft:andesite":19,"mores:deepslate_cobalt_ore":1,"minecraft:sculk_shrieker":3,"minecraft:bookshelf":1,"minecraft:pointed_dripstone":10,"mores:deepslate_sapphire_ore":6,"minecraft:deepslate_iron_ore":9,"minecraft:iron_bars":6,"minecraft:stripped_oak_log":1,"minecraft:stone":137,"mores:deepslate_moissanite_ore":2,"minecraft:deepslate_redstone_ore":15,"mores:cobalt_ore":15,"minecraft:amethyst_cluster":28,"mores:deepslate_anthracite_ore":20,"minecraft:crafting_table":18,"minecraft:torch":19,"minecraft:calcite":23,"minecraft:sculk_sensor":4,"minecraft:copper_ore":4,"minecraft:cobblestone":6,"minecraft:deepslate_gold_ore":16,"minecraft:lapis_ore":6,"minecraft:oak_planks":1,"minecraft:sculk":10,"minecraft:diorite":21,"mores:tin_ore":23,"minecraft:wall_torch":26,"mores:deepslate_turquoise_ore":1,"minecraft:amethyst_block":60,"mores:deepslate_ruby_ore":2,"minecraft:birch_log":5,"minecraft:yellow_bed":16,"minecraft:grass":3,"minecraft:oak_log":109,"minecraft:coal_ore":103,"minecraft:gravel":9,"minecraft:dripstone_block":3,"minecraft:dirt":3,"mores:silver_ore":23,"minecraft:smooth_basalt":13,"minecraft:mossy_stone_bricks":2,"mores:deepslate_topaz_ore":23,"minecraft:oak_leaves":10,"minecraft:deepslate":275},"minecraft:dropped":{"minecraft:oak_log":24,"minecraft:dripstone_block":3,"minecraft:cobblestone":33,"minecraft:amethyst_block":56,"minecraft:leather":3,"mores:tin_ingot":3,"minecraft:flint":1,"mores:tin_helmet":2,"minecraft:diorite":14,"minecraft:ink_sac":2,"tombstone:grave_dust":6,"minecraft:paper":18,"minecraft:string":2,"minecraft:birch_log":5,"minecraft:white_wool":10,"minecraft:redstone":4,"minecraft:smooth_basalt":11,"minecraft:bone":11,"minecraft:gravel":11,"minecraft:furnace":4,"minecraft:stone_axe":1,"minecraft:cobbled_deepslate":52,"minecraft:tuff":35,"tombstone:gift":1,"minecraft:pointed_dripstone":21,"minecraft:rotten_flesh":7,"minecraft:light_gray_wool":1,"minecraft:oak_planks":36,"mores:tin_boots":1,"mores:silver_leggings":1,"minecraft:bundle":3,"mores:tin_chestplate":1,"minecraft:andesite":18,"minecraft:oak_sapling":30,"minecraft:iron_bars":12,"minecraft:arrow":8,"minecraft:calcite":17},"minecraft:killed_by":{"minecraft:warden":26,"minecraft:skeleton":4,"minecraft:zombie":2},"minecraft:custom":{"minecraft:mob_kills":72,"minecraft:interact_with_crafting_table":51,"minecraft:open_barrel":8,"minecraft:leave_game":23,"minecraft:time_since_death":2088,"minecraft:sprint_one_cm":744231,"minecraft:walk_one_cm":352856,"minecraft:drop":72,"minecraft:play_time":347097,"minecraft:deaths":36,"minecraft:sneak_time":27257,"minecraft:walk_under_water_one_cm":14055,"minecraft:jump":3404,"minecraft:interact_with_blast_furnace":1,"minecraft:walk_on_water_one_cm":10793,"minecraft:total_world_time":347097,"minecraft:interact_with_furnace":60,"minecraft:interact_with_loom":3,"minecraft:interact_with_stonecutter":1,"minecraft:sleep_in_bed":18,"minecraft:time_since_rest":1653,"minecraft:damage_taken":14342,"minecraft:damage_dealt":21064,"minecraft:swim_one_cm":35671,"minecraft:fly_one_cm":408265,"minecraft:open_chest":7,"minecraft:crouch_one_cm":30475,"tombstone:undead_killed":44,"minecraft:fall_one_cm":32795}},"DataVersion":3465}