{"stats":{"minecraft:custom":{"minecraft:interact_with_crafting_table":126,"minecraft:open_barrel":191,"minecraft:eat_cake_slice":4,"minecraft:leave_game":40,"minecraft:time_since_death":65675,"minecraft:sprint_one_cm":2350088,"minecraft:drop":178,"minecraft:talked_to_villager":3,"minecraft:play_time":1206042,"minecraft:deaths":120,"minecraft:jump":7965,"minecraft:walk_on_water_one_cm":25546,"minecraft:interact_with_furnace":105,"minecraft:interact_with_loom":3,"minecraft:sleep_in_bed":33,"minecraft:waystone_activated":5,"minecraft:damage_dealt":142229,"minecraft:crouch_one_cm":127586,"tombstone:undead_killed":431,"tombstone:villager_killed":2,"minecraft:interact_with_smoker":1,"minecraft:mob_kills":504,"minecraft:inspect_hopper":2,"minecraft:climb_one_cm":49449,"minecraft:walk_one_cm":1452715,"minecraft:sneak_time":128349,"minecraft:walk_under_water_one_cm":17216,"minecraft:interact_with_blast_furnace":1,"minecraft:total_world_time":1206042,"tombstone:raider_killed":34,"minecraft:tune_noteblock":4,"minecraft:interact_with_stonecutter":1,"minecraft:time_since_rest":65402,"minecraft:damage_taken":50961,"minecraft:swim_one_cm":83829,"minecraft:fly_one_cm":790757,"minecraft:open_chest":206,"minecraft:fall_one_cm":121298},"minecraft:used":{"minecraft:cherry_sapling":1,"minecraft:dispenser":2,"minecraft:spruce_slab":5,"minecraft:ladder":1,"mores:tin_pickaxe":100,"minecraft:chest":42,"minecraft:stone":7,"minecraft:iron_sword":4,"mores:tin_helmet":1,"minecraft:rotten_flesh":26,"minecraft:iron_chestplate":1,"travelersbackpack:hay":5,"minecraft:jungle_planks":1,"minecraft:carrot":166,"minecraft:jungle_slab":2,"minecraft:pink_terracotta":1,"minecraft:tuff":30,"minecraft:lava_bucket":2,"minecraft:bricks":55,"minecraft:quartz_slab":4,"minecraft:iron_helmet":1,"mores:amethyst_pickaxe":702,"minecraft:stone_brick_stairs":14,"minecraft:stone_bricks":53,"minecraft:item_frame":1,"minecraft:bow":206,"minecraft:oak_sapling":3,"minecraft:furnace":16,"immersive_aircraft:biplane":7,"minecraft:dark_oak_stairs":10,"travelersbackpack:nether":8,"minecraft:diorite":5,"minecraft:brick_wall":3,"minecraft:stone_pickaxe":263,"minecraft:oak_planks":425,"minecraft:wooden_pickaxe":119,"mores:topaz_pickaxe":1259,"minecraft:cookie":1,"mores:tin_boots":1,"minecraft:golden_apple":1,"minecraft:white_wool":1,"minecraft:dark_oak_trapdoor":1,"minecraft:sand":1,"alexscaves:cave_book":1,"securitycraft:universal_block_remover":9,"minecraft:purple_terracotta":25,"waystones:waystone":5,"minecraft:bread":152,"minecraft:red_terracotta":164,"minecraft:polished_granite":25,"tombstone:grave_key":29,"minecraft:granite_slab":14,"minecraft:stripped_oak_wood":5,"minecraft:dark_oak_fence":3,"minecraft:oak_boat":1,"minecraft:experience_bottle":2,"minecraft:stripped_acacia_wood":10,"minecraft:iron_bars":10,"mores:amethyst_chestplate":1,"simplyswords:iron_warglaive":95,"minecraft:spruce_planks":207,"mores:tourmaline_leggings":1,"minecraft:cooked_chicken":1,"minecraft:torch":511,"minecraft:dirt":103,"mores:silver_leggings":1,"minecraft:hopper":7,"simplyswords:diamond_longsword":1204,"minecraft:spruce_stairs":17,"minecraft:granite":160,"minecraft:dark_oak_planks":5,"minecraft:iron_axe":1395,"minecraft:brick_stairs":3,"mores:amethyst_helmet":2,"travelersbackpack:squid":23,"minecraft:crimson_planks":20,"minecraft:mud_bricks":26,"minecraft:smooth_basalt":2,"alexscaves:spelunkery_table":2,"minecraft:light_gray_wool":1,"minecraft:light_gray_bed":7,"mores:obsidian_battleaxe":348,"mores:obsidian_shovel":430,"tombstone:gift":3,"minecraft:acacia_wood":6,"minecraft:cooked_beef":16,"minecraft:cobbled_deepslate":212,"minecraft:acacia_planks":71,"minecraft:calcite":6,"minecraft:cooked_mutton":25,"minecraft:polished_andesite":111,"minecraft:andesite_slab":59,"mores:amethyst_boots":1,"minecraft:stonecutter":1,"minecraft:red_glazed_terracotta":2,"minecraft:cobblestone_slab":14,"minecraft:leather_boots":3,"mores:amethyst_leggings":1,"minecraft:terracotta":189,"securitycraft:reinforced_stone_bricks":461,"minecraft:crafting_table":39,"minecraft:white_bed":2,"minecraft:spruce_log":1,"minecraft:oak_log":5,"mores:amethyst_axe":464,"minecraft:dark_prismarine":3,"minecraft:diamond_pickaxe":270,"minecraft:apple":19,"minecraft:iron_pickaxe":1120,"mores:cobalt_pickaxe":319,"tombstone:magic_scroll":2,"minecraft:jungle_stairs":1,"mores:sterling_boots":3,"minecraft:stone_axe":199,"minecraft:cobblestone":183,"travelersbackpack:standard":47,"mores:tin_chestplate":1,"minecraft:bucket":6,"minecraft:yellow_bed":20,"minecraft:gray_wool":1,"minecraft:chainmail_leggings":5},"minecraft:killed_by":{"minecraft:wither_skeleton":7,"minecraft:zombie":25,"minecraft:illusioner":2,"minecraft:stray":2,"minecraft:enderman":1,"minecraft:warden":26,"minecraft:skeleton":45},"minecraft:mined":{"minecraft:dark_oak_planks":47,"minecraft:large_amethyst_bud":3,"minecraft:spruce_planks":446,"minecraft:white_bed":1,"minecraft:oak_sapling":1,"minecraft:jungle_slab":3,"minecraft:andesite_stairs":2,"minecraft:sculk_vein":1,"minecraft:obsidian":26,"minecraft:granite":229,"minecraft:budding_amethyst":6,"minecraft:stripped_crimson_hyphae":6,"minecraft:grass_block":12,"minecraft:light_gray_bed":5,"minecraft:white_concrete":3,"minecraft:mud_bricks":36,"minecraft:hopper":4,"minecraft:spawner":46,"mores:deepslate_tourmaline_ore":8,"minecraft:sculk_catalyst":3,"minecraft:dark_oak_trapdoor":1,"minecraft:barrel":2,"minecraft:iron_ore":59,"minecraft:cobbled_deepslate":21,"minecraft:fire":2,"minecraft:granite_slab":128,"minecraft:dark_oak_stairs":30,"minecraft:sculk_shrieker":3,"minecraft:pointed_dripstone":10,"mores:deepslate_sapphire_ore":6,"minecraft:iron_bars":6,"minecraft:oak_stairs":1,"minecraft:quartz_slab":4,"minecraft:spruce_slab":5,"mores:deepslate_moissanite_ore":2,"minecraft:deepslate_redstone_ore":15,"minecraft:amethyst_cluster":28,"mores:deepslate_anthracite_ore":20,"minecraft:powder_snow":2,"minecraft:torch":27,"minecraft:jungle_stairs":3,"minecraft:calcite":23,"minecraft:poppy":1,"minecraft:chest":24,"minecraft:spruce_wall_sign":1,"minecraft:cobblestone":54,"minecraft:birch_wood":41,"minecraft:oak_planks":182,"minecraft:sugar_cane":1,"minecraft:bricks":177,"mores:deepslate_turquoise_ore":1,"minecraft:wall_torch":45,"minecraft:amethyst_block":60,"minecraft:skeleton_skull":2,"minecraft:chain":10,"minecraft:birch_log":5,"minecraft:lilac":4,"minecraft:stripped_oak_wood":10,"minecraft:light_gray_wool":14,"minecraft:stone_brick_stairs":35,"minecraft:grass":13,"minecraft:oak_log":246,"minecraft:dirt":266,"minecraft:sand":62,"mores:silver_ore":23,"minecraft:stripped_birch_wood":3,"minecraft:smooth_basalt":13,"minecraft:tripwire_hook":2,"minecraft:deepslate":275,"mores:deepslate_topaz_ore":23,"minecraft:oak_leaves":26,"minecraft:dark_prismarine":8,"alexscaves:spelunkery_table":2,"minecraft:tuff":45,"minecraft:potted_wither_rose":1,"minecraft:deepslate_diamond_ore":5,"minecraft:dark_oak_fence":4,"minecraft:ladder":10,"minecraft:purple_terracotta":30,"minecraft:jungle_planks":2,"minecraft:brick_stairs":12,"minecraft:polished_andesite_slab":1,"minecraft:spruce_leaves":18,"minecraft:acacia_slab":2,"minecraft:large_fern":7,"minecraft:hay_block":1,"minecraft:packed_mud":8,"minecraft:furnace":13,"minecraft:snow":15,"minecraft:acacia_wood":23,"minecraft:andesite":19,"mores:deepslate_cobalt_ore":1,"minecraft:bookshelf":25,"minecraft:cobblestone_slab":11,"minecraft:deepslate_iron_ore":9,"minecraft:stripped_oak_log":1,"minecraft:stone":681,"minecraft:bone_block":51,"minecraft:white_wool":1,"minecraft:pink_terracotta":7,"mores:cobalt_ore":15,"minecraft:snow_block":290,"minecraft:brick_wall":45,"minecraft:spruce_door":1,"minecraft:polished_granite":79,"travelersbackpack:standard":3,"minecraft:crafting_table":42,"minecraft:rose_bush":9,"minecraft:andesite_slab":76,"minecraft:sculk_sensor":4,"minecraft:lectern":2,"minecraft:copper_ore":4,"minecraft:tall_grass":2,"minecraft:lapis_ore":6,"minecraft:red_glazed_terracotta":17,"minecraft:deepslate_gold_ore":16,"minecraft:sculk":10,"minecraft:diorite":21,"mores:tin_ore":23,"minecraft:spruce_stairs":64,"travelersbackpack:squid":2,"minecraft:red_terracotta":178,"minecraft:brick_slab":2,"mores:deepslate_ruby_ore":2,"minecraft:dark_oak_wall_sign":2,"minecraft:birch_leaves":207,"minecraft:spruce_log":200,"minecraft:yellow_bed":20,"minecraft:coal_ore":140,"minecraft:cherry_leaves":15,"minecraft:gravel":29,"minecraft:dripstone_block":3,"minecraft:potted_white_tulip":1,"minecraft:cobweb":4,"minecraft:terracotta":377,"minecraft:acacia_planks":9,"minecraft:polished_andesite":183,"minecraft:stripped_acacia_wood":57,"minecraft:stone_bricks":492,"minecraft:mossy_stone_bricks":3,"minecraft:fern":2},"minecraft:broken":{"minecraft:iron_chestplate":1,"minecraft:chainmail_boots":1,"minecraft:stone_pickaxe":2,"minecraft:chainmail_chestplate":1,"minecraft:stone_axe":1,"securitycraft:universal_block_reinforcer_lvl1":1,"mores:tourmaline_leggings":1,"minecraft:chainmail_leggings":1,"mores:amethyst_boots":1,"mores:amethyst_helmet":2,"mores:amethyst_axe":1,"mores:sterling_helmet":1,"mores:sterling_boots":1,"minecraft:wooden_pickaxe":2,"mores:cobalt_pickaxe":1,"mores:tin_pickaxe":1,"minecraft:iron_axe":6,"mores:amethyst_chestplate":1,"minecraft:iron_pickaxe":4,"minecraft:iron_helmet":1,"mores:amethyst_leggings":1,"mores:amethyst_pickaxe":1},"minecraft:dropped":{"minecraft:spruce_sign":1,"minecraft:dark_oak_stairs":3,"minecraft:lapis_lazuli":60,"minecraft:oak_log":24,"minecraft:crafting_table":9,"minecraft:leather":3,"mores:tin_ingot":3,"minecraft:flint":1,"mores:tin_helmet":2,"minecraft:dirt":31,"minecraft:snowball":16,"minecraft:chain":3,"minecraft:writable_book":1,"minecraft:dark_oak_planks":2,"minecraft:birch_log":5,"minecraft:white_wool":10,"minecraft:bone":129,"minecraft:white_tulip":1,"simplyswords:runic_tablet":1,"minecraft:gravel":11,"minecraft:red_glazed_terracotta":3,"minecraft:stone_axe":1,"minecraft:cobbled_deepslate":52,"minecraft:andesite_slab":4,"minecraft:birch_sapling":2,"tombstone:gift":1,"minecraft:pointed_dripstone":21,"minecraft:rotten_flesh":7,"minecraft:oak_planks":46,"minecraft:azure_bluet":1,"mores:silver_leggings":1,"minecraft:brick_stairs":1,"minecraft:ladder":13,"minecraft:iron_bars":12,"minecraft:arrow":10,"minecraft:beef":4,"minecraft:polished_granite":20,"minecraft:purple_terracotta":2,"minecraft:wheat_seeds":1,"minecraft:dripstone_block":3,"minecraft:cobblestone":42,"alexscaves:spelunkery_table":1,"minecraft:amethyst_block":56,"minecraft:granite":22,"minecraft:spruce_door":1,"minecraft:spruce_stairs":8,"minecraft:polished_andesite":1,"minecraft:diorite":14,"minecraft:ink_sac":2,"minecraft:torch":1,"minecraft:rose_bush":1,"minecraft:white_concrete":3,"tombstone:grave_dust":6,"minecraft:wither_rose":1,"minecraft:granite_slab":42,"minecraft:iron_axe":1,"minecraft:paper":18,"minecraft:string":4,"minecraft:tripwire_hook":1,"minecraft:bucket":1,"minecraft:acacia_planks":4,"minecraft:spruce_sapling":4,"minecraft:redstone":6,"minecraft:smooth_basalt":11,"minecraft:bricks":11,"minecraft:furnace":5,"minecraft:brick_wall":7,"minecraft:tuff":35,"minecraft:light_gray_wool":6,"mores:tin_boots":1,"minecraft:red_terracotta":3,"minecraft:filled_map":1,"minecraft:flower_pot":2,"minecraft:spruce_planks":9,"mores:tin_chestplate":1,"minecraft:bundle":9,"minecraft:andesite":18,"minecraft:oak_sapling":79,"minecraft:barrel":1,"minecraft:blue_orchid":1,"minecraft:calcite":17,"minecraft:terracotta":17},"minecraft:killed":{"minecraft:witch":2,"minecraft:spider":8,"minecraft:skeleton":280,"minecraft:illusioner":1,"minecraft:zombie_villager":3,"minecraft:creeper":3,"minecraft:sheep":23,"minecraft:zombie":77,"minecraft:stray":1,"minecraft:cow":11,"minecraft:phantom":31,"minecraft:horse":4,"minecraft:drowned":1,"minecraft:warden":2,"minecraft:hoglin":1,"minecraft:squid":3,"minecraft:wither_skeleton":38,"minecraft:villager":2,"minecraft:enderman":1},"minecraft:crafted":{"immersive_aircraft:engine":1,"mores:silver_leggings":1,"minecraft:smooth_stone":3,"minecraft:oak_planks":468,"minecraft:cobblestone_slab":12,"waystones:waystone":2,"minecraft:stone":33,"mores:amethyst_leggings":1,"minecraft:cooked_mutton":17,"minecraft:iron_bars":16,"securitycraft:laser_block":2,"minecraft:glass":60,"minecraft:hopper":3,"minecraft:bow":2,"mores:tin_ingot":21,"mores:amethyst_pickaxe":1,"immersive_aircraft:hull":3,"minecraft:chest":23,"mores:amethyst_helmet":2,"minecraft:stone_bricks":32,"mores:silver_ingot":7,"mores:tin_chestplate":1,"minecraft:crafting_table":5,"minecraft:spruce_planks":156,"mores:cobalt_pickaxe":1,"minecraft:wooden_pickaxe":2,"travelersbackpack:standard":2,"mores:tin_helmet":1,"mores:amethyst_axe":1,"minecraft:copper_ingot":11,"minecraft:gold_block":42,"waystones:warp_stone":2,"immersive_aircraft:propeller":1,"minecraft:light_gray_bed":2,"minecraft:dispenser":2,"minecraft:emerald_block":15,"minecraft:diamond_pickaxe":1,"minecraft:stick":112,"minecraft:iron_ingot":44,"minecraft:iron_pickaxe":3,"minecraft:iron_block":29,"minecraft:gold_ingot":6,"minecraft:shears":1,"securitycraft:universal_block_reinforcer_lvl1":2,"mores:amethyst_chestplate":1,"mores:amethyst_boots":1,"mores:tin_pickaxe":1,"minecraft:leather_boots":1,"minecraft:furnace":9,"minecraft:blast_furnace":1,"immersive_aircraft:biplane":1,"minecraft:piston":2,"alexscaves:cave_map":1,"minecraft:diamond_block":11,"minecraft:glass_pane":16,"mores:topaz_pickaxe":1,"travelersbackpack:white_sleeping_bag":2,"minecraft:iron_axe":7,"securitycraft:universal_block_remover":1,"minecraft:stone_pickaxe":2,"minecraft:redstone_block":6,"minecraft:cooked_beef":13,"minecraft:crimson_planks":20,"immersive_aircraft:boiler":1,"mores:cobalt_ingot":3,"travelersbackpack:backpack_tank":4,"minecraft:bucket":2,"minecraft:stone_axe":2,"travelersbackpack:squid":1,"minecraft:oak_boat":1,"mores:tin_boots":1,"minecraft:stonecutter":1,"minecraft:white_bed":1,"minecraft:acacia_planks":72,"minecraft:torch":424,"minecraft:lapis_block":15},"minecraft:picked_up":{"minecraft:flower_pot":2,"alexscaves:cave_tablet":1,"minecraft:oak_stairs":1,"minecraft:wither_rose":2,"minecraft:stone_brick_stairs":34,"minecraft:amethyst_block":56,"minecraft:string":11,"minecraft:dark_oak_trapdoor":1,"minecraft:raw_copper":11,"mores:tourmaline_gem":8,"minecraft:experience_bottle":8,"minecraft:cobbled_deepslate":294,"minecraft:bucket":2,"minecraft:spruce_planks":422,"minecraft:white_tulip":1,"minecraft:rose_bush":2,"minecraft:cobblestone_slab":12,"minecraft:calcite":23,"minecraft:furnace":18,"minecraft:stick":85,"minecraft:torch":86,"minecraft:brick_wall":20,"minecraft:spruce_stairs":62,"mores:topaz_gem":23,"minecraft:pointed_dripstone":21,"tombstone:grave_dust":38,"minecraft:diorite":19,"minecraft:pink_terracotta":7,"mores:raw_tin":81,"minecraft:light_gray_bed":5,"minecraft:rotten_flesh":71,"minecraft:stripped_birch_wood":3,"minecraft:obsidian":20,"minecraft:iron_bars":6,"minecraft:snowball":54,"minecraft:cobblestone":782,"minecraft:birch_log":5,"minecraft:cooked_beef":3,"minecraft:lilac":1,"minecraft:andesite":18,"minecraft:flint":1,"minecraft:tuff":65,"minecraft:lapis_lazuli":102,"minecraft:dirt":275,"minecraft:polished_granite":57,"minecraft:bone":185,"minecraft:acacia_planks":12,"minecraft:bow":4,"minecraft:wheat_seeds":1,"minecraft:raw_gold":16,"minecraft:dark_oak_sign":2,"minecraft:mossy_stone_bricks":1,"mores:turquoise_gem":1,"minecraft:oak_planks":187,"travelersbackpack:squid":2,"minecraft:stripped_acacia_wood":33,"minecraft:sand":61,"minecraft:jungle_planks":1,"minecraft:granite_slab":193,"mores:raw_cobalt":16,"minecraft:ink_sac":7,"minecraft:barrel":1,"minecraft:jungle_slab":3,"minecraft:red_terracotta":172,"minecraft:dark_prismarine":7,"minecraft:bundle":12,"minecraft:polished_andesite":137,"minecraft:diamond":5,"waystones:waystone":3,"minecraft:writable_book":1,"travelersbackpack:nether":1,"minecraft:granite":198,"minecraft:dark_oak_fence":3,"minecraft:white_concrete":3,"minecraft:spruce_sign":1,"minecraft:chainmail_helmet":1,"minecraft:emerald":18,"minecraft:oak_sapling":82,"mores:raw_silver":23,"minecraft:bricks":130,"minecraft:andesite_slab":107,"travelersbackpack:hay":1,"minecraft:crafting_table":51,"minecraft:azure_bluet":1,"minecraft:ladder":16,"mores:tin_helmet":1,"minecraft:chain":3,"minecraft:iron_axe":1,"immersive_aircraft:biplane":6,"minecraft:blue_orchid":1,"minecraft:item_frame":1,"minecraft:quartz_slab":4,"minecraft:beef":28,"minecraft:andesite_stairs":2,"minecraft:oak_boat":1,"minecraft:light_gray_wool":18,"minecraft:spruce_slab":5,"minecraft:lectern":2,"minecraft:sugar_cane":1,"minecraft:chest":24,"minecraft:birch_sapling":4,"minecraft:phantom_membrane":7,"minecraft:stripped_crimson_hyphae":5,"minecraft:raw_iron":77,"minecraft:stone":12,"minecraft:cookie":1,"minecraft:redstone":70,"minecraft:purple_terracotta":27,"minecraft:dark_oak_planks":38,"minecraft:arrow":190,"minecraft:skeleton_skull":2,"minecraft:jungle_stairs":3,"tombstone:essence_of_undeath":1,"minecraft:hay_block":1,"securitycraft:reinforced_stone_bricks":463,"alexscaves:spelunkery_table":5,"mores:tourmaline_leggings":1,"minecraft:gold_ingot":3,"minecraft:brick_stairs":12,"minecraft:mutton":33,"minecraft:bone_block":49,"minecraft:white_wool":21,"minecraft:mud_bricks":32,"minecraft:tripwire_hook":3,"minecraft:leather":18,"minecraft:red_glazed_terracotta":12,"minecraft:acacia_wood":14,"minecraft:packed_mud":7,"minecraft:oak_log":214,"minecraft:yellow_bed":20,"minecraft:gunpowder":3,"tombstone:gift":2,"minecraft:cooked_mutton":8,"minecraft:apple":13,"minecraft:stone_bricks":498,"minecraft:iron_ingot":49,"minecraft:cooked_chicken":1,"tombstone:bag_of_seeds":2,"minecraft:stripped_oak_wood":10,"minecraft:polished_andesite_slab":2,"minecraft:iron_sword":2,"minecraft:dark_oak_stairs":27,"minecraft:book":76,"minecraft:sculk_catalyst":1,"minecraft:smooth_basalt":13,"minecraft:dripstone_block":3,"minecraft:gravel":30,"mores:ruby_gem":2,"minecraft:amethyst_shard":74,"minecraft:spruce_sapling":36,"mores:moissanite_gem":2,"minecraft:white_bed":1,"minecraft:spruce_log":145,"minecraft:spruce_door":4,"minecraft:spider_eye":1,"minecraft:leather_helmet":2,"minecraft:brick_slab":3,"mores:tin_ingot":2,"travelersbackpack:standard":3,"mores:sapphire_gem":6,"mores:anthracite":20,"minecraft:cherry_sapling":1,"minecraft:gray_wool":1,"alexscaves:cave_map":1,"minecraft:terracotta":278,"tombstone:magic_scroll":10,"minecraft:coal":344,"minecraft:hopper":4,"minecraft:ender_pearl":1}},"DataVersion":3465}