{"stats":{"minecraft:custom":{"minecraft:mob_kills":63,"minecraft:interact_with_crafting_table":30,"minecraft:open_barrel":8,"minecraft:leave_game":22,"minecraft:time_since_death":7069,"minecraft:sprint_one_cm":625698,"minecraft:walk_one_cm":291543,"minecraft:drop":55,"minecraft:play_time":278169,"minecraft:deaths":30,"minecraft:sneak_time":25711,"minecraft:walk_under_water_one_cm":4965,"minecraft:jump":2732,"minecraft:interact_with_blast_furnace":1,"minecraft:walk_on_water_one_cm":8769,"minecraft:total_world_time":278169,"minecraft:interact_with_furnace":47,"minecraft:interact_with_loom":3,"minecraft:sleep_in_bed":12,"minecraft:time_since_rest":6474,"minecraft:damage_taken":12679,"minecraft:damage_dealt":19763,"minecraft:swim_one_cm":29086,"minecraft:fly_one_cm":346064,"minecraft:open_chest":3,"minecraft:crouch_one_cm":27907,"tombstone:undead_killed":40,"minecraft:fall_one_cm":22722},"minecraft:used":{"minecraft:iron_bars":10,"mores:amethyst_chestplate":1,"mores:tin_pickaxe":100,"mores:tin_helmet":1,"minecraft:rotten_flesh":21,"minecraft:torch":276,"minecraft:dirt":1,"mores:silver_leggings":1,"minecraft:tuff":30,"minecraft:iron_axe":198,"mores:amethyst_helmet":1,"mores:amethyst_pickaxe":4,"minecraft:smooth_basalt":2,"minecraft:light_gray_wool":1,"minecraft:oak_sapling":1,"minecraft:furnace":6,"tombstone:gift":3,"minecraft:cooked_beef":8,"minecraft:cobbled_deepslate":178,"minecraft:calcite":6,"minecraft:cooked_mutton":20,"minecraft:diorite":3,"minecraft:stone_pickaxe":263,"minecraft:wooden_pickaxe":60,"mores:amethyst_boots":1,"mores:topaz_pickaxe":2,"mores:tin_boots":1,"mores:amethyst_leggings":1,"minecraft:crafting_table":14,"alexscaves:cave_book":1,"minecraft:diamond_pickaxe":3,"minecraft:apple":5,"minecraft:iron_pickaxe":252,"mores:cobalt_pickaxe":315,"minecraft:stone_axe":199,"minecraft:cobblestone":20,"mores:tin_chestplate":1,"minecraft:yellow_bed":13,"minecraft:oak_boat":1,"minecraft:gray_wool":1},"minecraft:killed_by":{"minecraft:warden":26,"minecraft:skeleton":2,"minecraft:zombie":2},"minecraft:mined":{"alexscaves:spelunkery_table":1,"minecraft:large_amethyst_bud":3,"minecraft:tuff":45,"minecraft:oak_sapling":1,"minecraft:deepslate_diamond_ore":5,"minecraft:sculk_vein":1,"minecraft:budding_amethyst":6,"mores:deepslate_tourmaline_ore":8,"minecraft:sculk_catalyst":3,"minecraft:furnace":6,"minecraft:iron_ore":59,"minecraft:cobbled_deepslate":21,"minecraft:fire":2,"minecraft:andesite":19,"mores:deepslate_cobalt_ore":1,"minecraft:sculk_shrieker":3,"minecraft:bookshelf":1,"minecraft:pointed_dripstone":10,"mores:deepslate_sapphire_ore":6,"minecraft:deepslate_iron_ore":9,"minecraft:iron_bars":6,"minecraft:stripped_oak_log":1,"minecraft:stone":85,"mores:deepslate_moissanite_ore":2,"minecraft:deepslate_redstone_ore":15,"mores:cobalt_ore":15,"minecraft:amethyst_cluster":28,"mores:deepslate_anthracite_ore":20,"minecraft:crafting_table":13,"minecraft:torch":17,"minecraft:calcite":23,"minecraft:sculk_sensor":4,"minecraft:cobblestone":1,"minecraft:deepslate_gold_ore":16,"minecraft:lapis_ore":1,"minecraft:sculk":10,"minecraft:diorite":18,"mores:tin_ore":23,"mores:deepslate_turquoise_ore":1,"minecraft:wall_torch":26,"minecraft:amethyst_block":60,"mores:deepslate_ruby_ore":2,"minecraft:birch_log":5,"minecraft:yellow_bed":14,"minecraft:grass":3,"minecraft:oak_log":86,"minecraft:coal_ore":87,"minecraft:gravel":9,"minecraft:dripstone_block":3,"minecraft:dirt":3,"mores:silver_ore":23,"minecraft:smooth_basalt":13,"minecraft:mossy_stone_bricks":2,"mores:deepslate_topaz_ore":23,"minecraft:oak_leaves":8,"minecraft:deepslate":275},"minecraft:broken":{"mores:amethyst_helmet":1,"minecraft:wooden_pickaxe":1,"minecraft:stone_pickaxe":2,"mores:tin_pickaxe":1,"minecraft:iron_axe":1,"minecraft:stone_axe":1,"minecraft:iron_pickaxe":1},"minecraft:dropped":{"minecraft:oak_log":24,"minecraft:dripstone_block":3,"minecraft:cobblestone":28,"minecraft:amethyst_block":56,"minecraft:leather":3,"mores:tin_ingot":3,"minecraft:flint":1,"mores:tin_helmet":2,"minecraft:diorite":13,"tombstone:grave_dust":6,"minecraft:string":2,"minecraft:birch_log":5,"minecraft:white_wool":10,"minecraft:redstone":4,"minecraft:smooth_basalt":11,"minecraft:bone":3,"minecraft:gravel":11,"minecraft:furnace":3,"minecraft:stone_axe":1,"minecraft:cobbled_deepslate":23,"minecraft:tuff":35,"minecraft:pointed_dripstone":21,"tombstone:gift":1,"minecraft:rotten_flesh":3,"minecraft:light_gray_wool":1,"minecraft:oak_planks":36,"mores:tin_boots":1,"mores:silver_leggings":1,"mores:tin_chestplate":1,"minecraft:andesite":18,"minecraft:oak_sapling":28,"minecraft:iron_bars":12,"minecraft:arrow":4,"minecraft:calcite":17},"minecraft:killed":{"minecraft:spider":2,"minecraft:skeleton":9,"minecraft:warden":2,"minecraft:zombie_villager":3,"minecraft:creeper":1,"minecraft:sheep":13,"minecraft:zombie":28,"minecraft:enderman":1,"minecraft:cow":3},"minecraft:crafted":{"mores:amethyst_chestplate":1,"mores:silver_leggings":1,"mores:amethyst_boots":1,"minecraft:oak_planks":168,"mores:tin_pickaxe":1,"minecraft:furnace":3,"mores:amethyst_leggings":1,"alexscaves:cave_map":1,"minecraft:cooked_mutton":12,"minecraft:iron_bars":16,"mores:topaz_pickaxe":1,"minecraft:iron_axe":2,"mores:amethyst_pickaxe":1,"mores:tin_ingot":21,"minecraft:stone_pickaxe":2,"mores:amethyst_helmet":1,"minecraft:cooked_beef":8,"mores:silver_ingot":7,"mores:tin_chestplate":1,"minecraft:crafting_table":2,"mores:cobalt_ingot":3,"minecraft:wooden_pickaxe":1,"mores:cobalt_pickaxe":1,"mores:tin_helmet":1,"minecraft:stone_axe":2,"minecraft:oak_boat":1,"mores:tin_boots":1,"minecraft:diamond_pickaxe":1,"minecraft:stick":108,"minecraft:iron_ingot":34,"minecraft:iron_pickaxe":1,"minecraft:torch":232},"minecraft:picked_up":{"minecraft:crafting_table":13,"alexscaves:cave_tablet":1,"mores:tin_helmet":1,"minecraft:amethyst_block":56,"minecraft:string":2,"mores:tourmaline_gem":8,"minecraft:cobbled_deepslate":265,"minecraft:beef":8,"minecraft:oak_boat":1,"minecraft:calcite":23,"minecraft:light_gray_wool":2,"minecraft:furnace":6,"minecraft:stick":8,"minecraft:raw_iron":77,"minecraft:torch":46,"mores:topaz_gem":23,"minecraft:pointed_dripstone":21,"tombstone:grave_dust":6,"minecraft:diorite":16,"minecraft:redstone":68,"mores:raw_tin":81,"minecraft:arrow":4,"minecraft:rotten_flesh":29,"alexscaves:spelunkery_table":1,"mores:tourmaline_leggings":1,"minecraft:mutton":20,"minecraft:iron_bars":6,"minecraft:white_wool":10,"minecraft:cobblestone":76,"minecraft:birch_log":5,"minecraft:andesite":18,"minecraft:leather":3,"minecraft:flint":1,"minecraft:tuff":65,"minecraft:oak_log":66,"minecraft:yellow_bed":14,"minecraft:gunpowder":1,"minecraft:lapis_lazuli":7,"minecraft:dirt":1,"tombstone:gift":2,"minecraft:cooked_mutton":8,"minecraft:bone":4,"minecraft:apple":5,"minecraft:raw_gold":16,"minecraft:iron_ingot":31,"mores:turquoise_gem":1,"minecraft:book":3,"minecraft:sculk_catalyst":1,"minecraft:smooth_basalt":13,"minecraft:dripstone_block":3,"minecraft:gravel":11,"mores:ruby_gem":2,"minecraft:amethyst_shard":74,"mores:raw_cobalt":16,"mores:moissanite_gem":2,"mores:tin_ingot":2,"mores:sapphire_gem":6,"minecraft:diamond":5,"mores:anthracite":20,"minecraft:gray_wool":1,"tombstone:magic_scroll":2,"minecraft:oak_sapling":29,"mores:raw_silver":23,"minecraft:coal":191,"minecraft:ender_pearl":1}},"DataVersion":3465}