{"stats":{"minecraft:mined":{"minecraft:oak_sapling":1,"minecraft:furnace":1,"minecraft:birch_log":5,"minecraft:torch":1,"minecraft:yellow_bed":2,"minecraft:crafting_table":3,"minecraft:grass":3,"minecraft:oak_log":86,"minecraft:coal_ore":47,"mores:silver_ore":16,"minecraft:cobblestone":1,"minecraft:wall_torch":1,"minecraft:stone":50,"minecraft:mossy_stone_bricks":2,"minecraft:oak_leaves":8,"mores:tin_ore":22},"minecraft:dropped":{"minecraft:oak_sapling":28,"minecraft:light_gray_wool":1},"minecraft:picked_up":{"minecraft:birch_log":5,"minecraft:stick":8,"minecraft:crafting_table":3,"minecraft:leather":3,"minecraft:torch":2,"minecraft:oak_log":66,"minecraft:yellow_bed":2,"mores:tin_ingot":2,"mores:raw_tin":78,"minecraft:apple":5,"minecraft:beef":8,"minecraft:gray_wool":1,"minecraft:light_gray_wool":2,"minecraft:oak_sapling":29,"mores:raw_silver":16,"minecraft:mutton":20,"minecraft:coal":75,"minecraft:white_wool":10,"minecraft:cobblestone":50,"minecraft:furnace":1},"minecraft:used":{"minecraft:apple":3,"minecraft:stone_pickaxe":108,"minecraft:wooden_pickaxe":32,"mores:tin_helmet":1,"minecraft:torch":12,"minecraft:light_gray_wool":1,"minecraft:stone_axe":137,"mores:tin_boots":1,"minecraft:cobblestone":5,"mores:silver_leggings":1,"minecraft:oak_sapling":1,"minecraft:crafting_table":3,"mores:tin_chestplate":1,"minecraft:furnace":1,"minecraft:yellow_bed":1,"minecraft:gray_wool":1,"minecraft:cooked_beef":3},"minecraft:crafted":{"minecraft:cooked_beef":8,"mores:silver_leggings":1,"mores:silver_ingot":7,"minecraft:oak_planks":72,"mores:tin_pickaxe":1,"mores:tin_boots":1,"mores:tin_chestplate":1,"minecraft:crafting_table":1,"mores:tin_ingot":21,"minecraft:stick":48,"minecraft:wooden_pickaxe":1,"minecraft:stone_pickaxe":1,"mores:tin_helmet":1,"minecraft:furnace":1,"minecraft:torch":40,"minecraft:stone_axe":2},"minecraft:killed":{"minecraft:sheep":13,"minecraft:cow":3},"minecraft:custom":{"minecraft:time_since_rest":6209,"minecraft:interact_with_furnace":24,"minecraft:sprint_one_cm":148057,"minecraft:damage_taken":240,"minecraft:walk_one_cm":39868,"minecraft:mob_kills":16,"minecraft:drop":6,"minecraft:damage_dealt":1340,"minecraft:swim_one_cm":13763,"minecraft:interact_with_crafting_table":10,"minecraft:fly_one_cm":42960,"minecraft:crouch_one_cm":482,"minecraft:open_chest":3,"minecraft:play_time":37663,"minecraft:sneak_time":619,"minecraft:walk_under_water_one_cm":2328,"minecraft:jump":353,"minecraft:leave_game":3,"minecraft:time_since_death":37663,"minecraft:walk_on_water_one_cm":1557,"minecraft:sleep_in_bed":1,"minecraft:total_world_time":37663,"minecraft:fall_one_cm":3158}},"DataVersion":3465}