{"stats":{"minecraft:mined":{"minecraft:furnace":1,"minecraft:yellow_bed":1,"minecraft:crafting_table":3,"minecraft:grass":3,"minecraft:oak_log":52,"minecraft:coal_ore":29,"mores:silver_ore":7,"minecraft:cobblestone":1,"minecraft:stone":26,"minecraft:mossy_stone_bricks":2,"mores:tin_ore":8},"minecraft:dropped":{"minecraft:oak_sapling":17,"minecraft:light_gray_wool":1},"minecraft:picked_up":{"minecraft:stick":4,"minecraft:crafting_table":3,"minecraft:leather":3,"minecraft:oak_log":47,"minecraft:yellow_bed":1,"mores:tin_ingot":2,"mores:raw_tin":23,"minecraft:apple":2,"minecraft:beef":8,"minecraft:gray_wool":1,"minecraft:light_gray_wool":2,"minecraft:oak_sapling":17,"mores:raw_silver":7,"minecraft:mutton":18,"minecraft:coal":57,"minecraft:white_wool":8,"minecraft:cobblestone":26,"minecraft:furnace":1},"minecraft:used":{"minecraft:apple":2,"minecraft:stone_pickaxe":65,"minecraft:wooden_pickaxe":9,"mores:tin_helmet":1,"minecraft:light_gray_wool":1,"minecraft:stone_axe":80,"mores:tin_boots":1,"mores:silver_leggings":1,"minecraft:crafting_table":3,"mores:tin_chestplate":1,"minecraft:furnace":1,"minecraft:gray_wool":1,"minecraft:cooked_beef":3},"minecraft:crafted":{"minecraft:cooked_beef":8,"mores:silver_leggings":1,"mores:silver_ingot":7,"minecraft:oak_planks":72,"mores:tin_pickaxe":1,"mores:tin_boots":1,"mores:tin_chestplate":1,"minecraft:crafting_table":1,"mores:tin_ingot":21,"minecraft:stick":16,"minecraft:wooden_pickaxe":1,"minecraft:stone_pickaxe":1,"mores:tin_helmet":1,"minecraft:furnace":1,"minecraft:stone_axe":2},"minecraft:killed":{"minecraft:sheep":11,"minecraft:cow":3},"minecraft:custom":{"minecraft:time_since_rest":25663,"minecraft:interact_with_furnace":24,"minecraft:sprint_one_cm":100753,"minecraft:damage_taken":210,"minecraft:walk_one_cm":24678,"minecraft:mob_kills":14,"minecraft:drop":5,"minecraft:damage_dealt":1180,"minecraft:swim_one_cm":13763,"minecraft:interact_with_crafting_table":10,"minecraft:fly_one_cm":30739,"minecraft:open_chest":3,"minecraft:play_time":25663,"minecraft:sneak_time":343,"minecraft:walk_under_water_one_cm":2328,"minecraft:jump":245,"minecraft:leave_game":3,"minecraft:time_since_death":25663,"minecraft:walk_on_water_one_cm":1557,"minecraft:total_world_time":25663,"minecraft:fall_one_cm":987}},"DataVersion":3465}