{"stats":{"minecraft:broken":{"minecraft:wooden_pickaxe":1,"minecraft:stone_pickaxe":2,"mores:tin_pickaxe":1,"minecraft:stone_axe":1},"minecraft:mined":{"alexscaves:spelunkery_table":1,"minecraft:large_amethyst_bud":2,"minecraft:tuff":8,"minecraft:oak_sapling":1,"minecraft:deepslate_diamond_ore":2,"minecraft:budding_amethyst":6,"mores:deepslate_tourmaline_ore":1,"minecraft:furnace":5,"minecraft:iron_ore":59,"minecraft:cobbled_deepslate":15,"minecraft:fire":2,"minecraft:andesite":19,"mores:deepslate_cobalt_ore":1,"minecraft:bookshelf":1,"minecraft:pointed_dripstone":10,"mores:deepslate_sapphire_ore":6,"minecraft:deepslate_iron_ore":9,"minecraft:iron_bars":6,"minecraft:stripped_oak_log":1,"minecraft:stone":85,"minecraft:deepslate_redstone_ore":10,"mores:cobalt_ore":15,"minecraft:amethyst_cluster":14,"mores:deepslate_anthracite_ore":3,"minecraft:crafting_table":11,"minecraft:torch":12,"minecraft:calcite":22,"minecraft:cobblestone":1,"minecraft:lapis_ore":1,"minecraft:deepslate_gold_ore":5,"minecraft:diorite":18,"mores:tin_ore":23,"minecraft:wall_torch":15,"minecraft:amethyst_block":56,"minecraft:birch_log":5,"minecraft:yellow_bed":9,"minecraft:grass":3,"minecraft:oak_log":86,"minecraft:coal_ore":87,"minecraft:gravel":9,"minecraft:dripstone_block":3,"minecraft:dirt":3,"mores:silver_ore":23,"minecraft:smooth_basalt":12,"minecraft:mossy_stone_bricks":2,"mores:deepslate_topaz_ore":5,"minecraft:oak_leaves":8,"minecraft:deepslate":158},"minecraft:dropped":{"minecraft:dripstone_block":3,"minecraft:amethyst_block":56,"minecraft:leather":3,"mores:tin_ingot":3,"minecraft:flint":1,"mores:tin_helmet":2,"minecraft:diorite":13,"minecraft:string":2,"minecraft:birch_log":5,"minecraft:white_wool":10,"minecraft:smooth_basalt":11,"minecraft:bone":3,"minecraft:gravel":11,"minecraft:stone_axe":1,"minecraft:cobbled_deepslate":23,"minecraft:tuff":12,"minecraft:pointed_dripstone":21,"minecraft:rotten_flesh":3,"minecraft:light_gray_wool":1,"minecraft:oak_planks":36,"mores:tin_boots":1,"mores:silver_leggings":1,"mores:tin_chestplate":1,"minecraft:andesite":18,"minecraft:oak_sapling":28,"minecraft:iron_bars":12,"minecraft:arrow":2,"minecraft:calcite":17},"minecraft:picked_up":{"minecraft:crafting_table":11,"alexscaves:cave_tablet":1,"mores:tin_helmet":1,"minecraft:amethyst_block":56,"minecraft:string":2,"mores:tourmaline_gem":1,"minecraft:cobbled_deepslate":166,"minecraft:beef":8,"minecraft:oak_boat":1,"minecraft:calcite":23,"minecraft:light_gray_wool":2,"minecraft:furnace":5,"minecraft:stick":8,"minecraft:raw_iron":77,"minecraft:torch":28,"mores:topaz_gem":5,"minecraft:pointed_dripstone":21,"tombstone:grave_dust":2,"minecraft:diorite":16,"minecraft:redstone":44,"mores:raw_tin":81,"minecraft:arrow":2,"minecraft:rotten_flesh":18,"alexscaves:spelunkery_table":1,"minecraft:mutton":20,"minecraft:iron_bars":6,"minecraft:white_wool":10,"minecraft:cobblestone":76,"minecraft:birch_log":5,"minecraft:andesite":18,"minecraft:leather":3,"minecraft:flint":1,"minecraft:tuff":12,"minecraft:oak_log":66,"minecraft:yellow_bed":9,"minecraft:gunpowder":1,"minecraft:lapis_lazuli":7,"minecraft:dirt":1,"minecraft:cooked_mutton":5,"minecraft:bone":4,"minecraft:apple":5,"minecraft:raw_gold":5,"minecraft:iron_ingot":31,"minecraft:book":3,"minecraft:smooth_basalt":13,"minecraft:dripstone_block":3,"minecraft:gravel":11,"minecraft:amethyst_shard":48,"mores:raw_cobalt":16,"mores:tin_ingot":2,"mores:sapphire_gem":6,"minecraft:diamond":2,"mores:anthracite":3,"minecraft:gray_wool":1,"tombstone:magic_scroll":2,"minecraft:oak_sapling":29,"mores:raw_silver":23,"minecraft:coal":166,"minecraft:ender_pearl":1},"minecraft:used":{"minecraft:iron_bars":10,"mores:amethyst_chestplate":1,"mores:tin_pickaxe":100,"mores:tin_helmet":1,"minecraft:rotten_flesh":10,"minecraft:torch":160,"minecraft:dirt":1,"mores:silver_leggings":1,"minecraft:iron_axe":46,"mores:amethyst_helmet":1,"mores:amethyst_pickaxe":4,"minecraft:smooth_basalt":2,"minecraft:light_gray_wool":1,"minecraft:oak_sapling":1,"minecraft:furnace":5,"tombstone:gift":1,"minecraft:cooked_beef":8,"minecraft:cobbled_deepslate":84,"minecraft:calcite":6,"minecraft:cooked_mutton":13,"minecraft:diorite":3,"minecraft:stone_pickaxe":263,"minecraft:wooden_pickaxe":60,"mores:amethyst_boots":1,"mores:topaz_pickaxe":2,"mores:tin_boots":1,"mores:amethyst_leggings":1,"minecraft:crafting_table":11,"alexscaves:cave_book":1,"minecraft:apple":5,"minecraft:iron_pickaxe":181,"mores:cobalt_pickaxe":89,"minecraft:stone_axe":199,"minecraft:cobblestone":20,"mores:tin_chestplate":1,"minecraft:yellow_bed":9,"minecraft:oak_boat":1,"minecraft:gray_wool":1},"minecraft:killed_by":{"minecraft:skeleton":1,"minecraft:zombie":1},"minecraft:crafted":{"mores:amethyst_chestplate":1,"mores:silver_leggings":1,"mores:amethyst_boots":1,"minecraft:oak_planks":84,"mores:tin_pickaxe":1,"minecraft:furnace":2,"mores:amethyst_leggings":1,"alexscaves:cave_map":1,"minecraft:cooked_mutton":11,"minecraft:iron_bars":16,"mores:topaz_pickaxe":1,"mores:amethyst_pickaxe":1,"minecraft:iron_axe":1,"mores:tin_ingot":21,"minecraft:stone_pickaxe":2,"mores:amethyst_helmet":1,"minecraft:cooked_beef":8,"mores:silver_ingot":7,"mores:tin_chestplate":1,"minecraft:crafting_table":1,"mores:cobalt_ingot":3,"mores:cobalt_pickaxe":1,"minecraft:wooden_pickaxe":1,"mores:tin_helmet":1,"minecraft:stone_axe":2,"minecraft:oak_boat":1,"mores:tin_boots":1,"minecraft:stick":72,"minecraft:iron_ingot":34,"minecraft:iron_pickaxe":1,"minecraft:torch":232},"minecraft:killed":{"minecraft:spider":2,"minecraft:skeleton":7,"minecraft:zombie_villager":2,"minecraft:creeper":1,"minecraft:sheep":13,"minecraft:zombie":17,"minecraft:cow":3,"minecraft:enderman":1},"minecraft:custom":{"minecraft:mob_kills":47,"minecraft:interact_with_crafting_table":25,"minecraft:open_barrel":8,"minecraft:leave_game":9,"minecraft:time_since_death":20189,"minecraft:sprint_one_cm":379474,"minecraft:walk_one_cm":161792,"minecraft:drop":42,"minecraft:play_time":168139,"minecraft:deaths":2,"minecraft:sneak_time":7612,"minecraft:walk_under_water_one_cm":4945,"minecraft:jump":1211,"minecraft:interact_with_blast_furnace":1,"minecraft:walk_on_water_one_cm":5916,"minecraft:total_world_time":168139,"minecraft:interact_with_furnace":42,"minecraft:interact_with_loom":3,"minecraft:sleep_in_bed":8,"minecraft:time_since_rest":19898,"minecraft:damage_taken":2326,"minecraft:damage_dealt":7255,"minecraft:swim_one_cm":28322,"minecraft:fly_one_cm":164047,"minecraft:open_chest":3,"minecraft:crouch_one_cm":5903,"tombstone:undead_killed":26,"minecraft:fall_one_cm":12183}},"DataVersion":3465}