{"stats":{"minecraft:used":{"minecraft:cherry_sapling":1,"minecraft:spruce_slab":3,"minecraft:ladder":1,"mores:tin_pickaxe":100,"minecraft:chest":22,"minecraft:iron_sword":4,"mores:tin_helmet":1,"minecraft:rotten_flesh":26,"minecraft:iron_chestplate":1,"minecraft:tuff":30,"minecraft:lava_bucket":2,"mores:amethyst_pickaxe":702,"minecraft:stone_brick_stairs":2,"minecraft:stone_bricks":27,"minecraft:item_frame":1,"minecraft:bow":4,"minecraft:furnace":14,"minecraft:oak_sapling":3,"immersive_aircraft:biplane":7,"minecraft:dark_oak_stairs":1,"minecraft:diorite":5,"minecraft:stone_pickaxe":263,"minecraft:oak_planks":37,"minecraft:wooden_pickaxe":60,"mores:topaz_pickaxe":4,"minecraft:cookie":1,"mores:tin_boots":1,"minecraft:white_wool":1,"minecraft:sand":1,"alexscaves:cave_book":1,"tombstone:grave_key":12,"minecraft:stripped_oak_wood":5,"minecraft:oak_boat":1,"minecraft:iron_bars":10,"mores:amethyst_chestplate":1,"minecraft:spruce_planks":3,"simplyswords:iron_warglaive":45,"mores:tourmaline_leggings":1,"minecraft:cooked_chicken":1,"minecraft:torch":333,"minecraft:dirt":5,"mores:silver_leggings":1,"minecraft:hopper":3,"minecraft:iron_axe":496,"mores:amethyst_helmet":2,"travelersbackpack:squid":6,"minecraft:mud_bricks":26,"minecraft:smooth_basalt":2,"minecraft:light_gray_wool":1,"alexscaves:spelunkery_table":1,"tombstone:gift":3,"minecraft:cooked_beef":16,"minecraft:cobbled_deepslate":212,"minecraft:calcite":6,"minecraft:cooked_mutton":25,"mores:amethyst_boots":1,"minecraft:stonecutter":1,"minecraft:cobblestone_slab":14,"mores:amethyst_leggings":1,"minecraft:crafting_table":25,"minecraft:spruce_log":1,"minecraft:oak_log":5,"mores:amethyst_axe":316,"minecraft:dark_prismarine":3,"minecraft:diamond_pickaxe":6,"minecraft:apple":10,"minecraft:iron_pickaxe":499,"mores:cobalt_pickaxe":319,"minecraft:stone_axe":199,"minecraft:cobblestone":101,"travelersbackpack:standard":13,"mores:tin_chestplate":1,"minecraft:bucket":6,"minecraft:yellow_bed":19,"minecraft:gray_wool":1},"minecraft:broken":{"minecraft:stone_pickaxe":2,"minecraft:stone_axe":1,"mores:amethyst_boots":1,"mores:amethyst_helmet":2,"minecraft:wooden_pickaxe":1,"mores:cobalt_pickaxe":1,"mores:tin_pickaxe":1,"minecraft:iron_axe":2,"mores:amethyst_chestplate":1,"minecraft:iron_pickaxe":1,"mores:amethyst_leggings":1,"mores:amethyst_pickaxe":1},"minecraft:picked_up":{"alexscaves:cave_tablet":1,"minecraft:wither_rose":1,"minecraft:stone_brick_stairs":20,"minecraft:amethyst_block":56,"minecraft:string":10,"minecraft:raw_copper":11,"mores:tourmaline_gem":8,"minecraft:cobbled_deepslate":294,"minecraft:bucket":2,"minecraft:spruce_planks":7,"minecraft:cobblestone_slab":12,"minecraft:calcite":23,"minecraft:furnace":17,"minecraft:stick":48,"minecraft:torch":58,"tombstone:grave_dust":9,"minecraft:pointed_dripstone":21,"mores:topaz_gem":23,"minecraft:diorite":19,"mores:raw_tin":81,"minecraft:rotten_flesh":61,"minecraft:iron_bars":6,"minecraft:cobblestone":562,"minecraft:birch_log":5,"minecraft:cooked_beef":3,"minecraft:andesite":18,"minecraft:flint":1,"minecraft:tuff":65,"minecraft:dirt":52,"minecraft:lapis_lazuli":35,"minecraft:polished_granite":8,"minecraft:bone":24,"minecraft:acacia_planks":3,"minecraft:bow":2,"minecraft:raw_gold":16,"minecraft:dark_oak_sign":2,"minecraft:mossy_stone_bricks":1,"mores:turquoise_gem":1,"minecraft:oak_planks":47,"travelersbackpack:squid":2,"minecraft:sand":25,"mores:raw_cobalt":16,"minecraft:ink_sac":7,"minecraft:dark_prismarine":7,"minecraft:bundle":4,"minecraft:diamond":5,"minecraft:writable_book":1,"minecraft:white_concrete":3,"minecraft:spruce_sign":1,"minecraft:oak_sapling":33,"mores:raw_silver":23,"minecraft:crafting_table":40,"minecraft:ladder":1,"mores:tin_helmet":1,"immersive_aircraft:biplane":6,"minecraft:item_frame":1,"minecraft:beef":20,"minecraft:oak_boat":1,"minecraft:light_gray_wool":2,"minecraft:spruce_slab":3,"minecraft:lectern":2,"minecraft:chest":14,"minecraft:raw_iron":77,"minecraft:stone":5,"minecraft:cookie":1,"minecraft:redstone":68,"minecraft:dark_oak_planks":4,"minecraft:arrow":30,"minecraft:jungle_stairs":2,"minecraft:hay_block":1,"alexscaves:spelunkery_table":5,"mores:tourmaline_leggings":1,"minecraft:mutton":33,"minecraft:white_wool":21,"minecraft:mud_bricks":32,"minecraft:tripwire_hook":3,"minecraft:leather":15,"minecraft:packed_mud":7,"minecraft:oak_log":89,"minecraft:yellow_bed":19,"minecraft:gunpowder":1,"tombstone:gift":2,"minecraft:cooked_mutton":8,"minecraft:stone_bricks":344,"minecraft:apple":5,"minecraft:iron_ingot":32,"minecraft:cooked_chicken":1,"minecraft:stripped_oak_wood":9,"minecraft:iron_sword":2,"minecraft:dark_oak_stairs":1,"minecraft:book":51,"minecraft:sculk_catalyst":1,"minecraft:smooth_basalt":13,"minecraft:dripstone_block":3,"minecraft:gravel":30,"mores:ruby_gem":2,"minecraft:amethyst_shard":74,"minecraft:spruce_sapling":36,"mores:moissanite_gem":2,"minecraft:spruce_log":145,"minecraft:spider_eye":1,"minecraft:spruce_door":2,"mores:tin_ingot":2,"mores:sapphire_gem":6,"mores:anthracite":20,"minecraft:cherry_sapling":1,"minecraft:gray_wool":1,"alexscaves:cave_map":1,"minecraft:terracotta":4,"tombstone:magic_scroll":4,"minecraft:coal":319,"minecraft:hopper":3,"minecraft:ender_pearl":1},"minecraft:crafted":{"immersive_aircraft:engine":1,"mores:silver_leggings":1,"minecraft:smooth_stone":3,"minecraft:oak_planks":184,"minecraft:cobblestone_slab":12,"minecraft:stone":1,"mores:amethyst_leggings":1,"minecraft:cooked_mutton":17,"minecraft:iron_bars":16,"minecraft:hopper":3,"minecraft:glass":24,"minecraft:bow":2,"mores:tin_ingot":21,"mores:amethyst_pickaxe":1,"immersive_aircraft:hull":3,"minecraft:chest":15,"mores:amethyst_helmet":2,"mores:silver_ingot":7,"mores:tin_chestplate":1,"minecraft:crafting_table":3,"minecraft:spruce_planks":104,"mores:cobalt_pickaxe":1,"minecraft:wooden_pickaxe":1,"travelersbackpack:standard":2,"mores:tin_helmet":1,"mores:amethyst_axe":1,"minecraft:copper_ingot":11,"immersive_aircraft:propeller":1,"minecraft:dispenser":2,"minecraft:diamond_pickaxe":1,"minecraft:stick":108,"minecraft:iron_ingot":35,"minecraft:iron_pickaxe":1,"minecraft:gold_ingot":6,"mores:amethyst_chestplate":1,"mores:amethyst_boots":1,"mores:tin_pickaxe":1,"minecraft:furnace":8,"immersive_aircraft:biplane":1,"minecraft:blast_furnace":1,"minecraft:piston":2,"alexscaves:cave_map":1,"mores:topaz_pickaxe":1,"travelersbackpack:white_sleeping_bag":2,"minecraft:iron_axe":3,"minecraft:stone_pickaxe":2,"minecraft:cooked_beef":13,"immersive_aircraft:boiler":1,"mores:cobalt_ingot":3,"travelersbackpack:backpack_tank":4,"minecraft:bucket":1,"minecraft:stone_axe":2,"travelersbackpack:squid":1,"minecraft:oak_boat":1,"mores:tin_boots":1,"minecraft:stonecutter":1,"minecraft:torch":276},"minecraft:killed":{"minecraft:spider":6,"minecraft:skeleton":30,"minecraft:illusioner":1,"minecraft:zombie_villager":3,"minecraft:creeper":1,"minecraft:sheep":23,"minecraft:zombie":64,"minecraft:stray":1,"minecraft:cow":9,"minecraft:horse":4,"minecraft:drowned":1,"minecraft:warden":2,"minecraft:squid":3,"minecraft:villager":2,"minecraft:enderman":1},"minecraft:mined":{"minecraft:dark_oak_planks":8,"minecraft:large_amethyst_bud":3,"minecraft:spruce_planks":4,"minecraft:oak_sapling":1,"minecraft:sculk_vein":1,"minecraft:budding_amethyst":6,"minecraft:grass_block":4,"minecraft:white_concrete":3,"minecraft:mud_bricks":36,"minecraft:hopper":3,"minecraft:spawner":5,"mores:deepslate_tourmaline_ore":8,"minecraft:sculk_catalyst":3,"minecraft:iron_ore":59,"minecraft:fire":2,"minecraft:cobbled_deepslate":21,"minecraft:dark_oak_stairs":1,"minecraft:sculk_shrieker":3,"minecraft:pointed_dripstone":10,"mores:deepslate_sapphire_ore":6,"minecraft:iron_bars":6,"minecraft:spruce_slab":3,"mores:deepslate_moissanite_ore":2,"minecraft:deepslate_redstone_ore":15,"minecraft:amethyst_cluster":28,"mores:deepslate_anthracite_ore":20,"minecraft:torch":21,"minecraft:jungle_stairs":2,"minecraft:calcite":23,"minecraft:poppy":1,"minecraft:chest":14,"minecraft:spruce_wall_sign":1,"minecraft:cobblestone":39,"minecraft:oak_planks":35,"mores:deepslate_turquoise_ore":1,"minecraft:wall_torch":32,"minecraft:amethyst_block":60,"minecraft:birch_log":5,"minecraft:stripped_oak_wood":9,"minecraft:stone_brick_stairs":21,"minecraft:grass":9,"minecraft:oak_log":109,"minecraft:sand":26,"minecraft:dirt":51,"mores:silver_ore":23,"minecraft:smooth_basalt":13,"minecraft:tripwire_hook":2,"mores:deepslate_topaz_ore":23,"minecraft:oak_leaves":10,"minecraft:deepslate":275,"minecraft:dark_prismarine":7,"alexscaves:spelunkery_table":2,"minecraft:tuff":45,"minecraft:deepslate_diamond_ore":5,"minecraft:ladder":1,"minecraft:spruce_leaves":9,"minecraft:large_fern":7,"minecraft:hay_block":1,"minecraft:furnace":12,"minecraft:packed_mud":8,"minecraft:andesite":19,"mores:deepslate_cobalt_ore":1,"minecraft:bookshelf":17,"minecraft:cobblestone_slab":11,"minecraft:deepslate_iron_ore":9,"minecraft:stripped_oak_log":1,"minecraft:stone":483,"minecraft:white_wool":1,"mores:cobalt_ore":15,"minecraft:spruce_door":1,"minecraft:polished_granite":8,"minecraft:crafting_table":31,"minecraft:sculk_sensor":4,"minecraft:lectern":2,"minecraft:copper_ore":4,"minecraft:tall_grass":1,"minecraft:lapis_ore":6,"minecraft:deepslate_gold_ore":16,"minecraft:sculk":10,"minecraft:diorite":21,"mores:tin_ore":23,"travelersbackpack:squid":2,"mores:deepslate_ruby_ore":2,"minecraft:dark_oak_wall_sign":2,"minecraft:spruce_log":200,"minecraft:yellow_bed":19,"minecraft:coal_ore":121,"minecraft:cherry_leaves":15,"minecraft:gravel":29,"minecraft:dripstone_block":3,"minecraft:cobweb":4,"minecraft:acacia_planks":3,"minecraft:terracotta":4,"minecraft:stone_bricks":345,"minecraft:mossy_stone_bricks":3,"minecraft:fern":2},"minecraft:dropped":{"minecraft:spruce_sign":1,"minecraft:oak_log":24,"minecraft:crafting_table":9,"minecraft:leather":3,"mores:tin_ingot":3,"minecraft:flint":1,"mores:tin_helmet":2,"minecraft:writable_book":1,"minecraft:dark_oak_planks":1,"minecraft:birch_log":5,"minecraft:white_wool":10,"minecraft:bone":11,"minecraft:gravel":11,"minecraft:stone_axe":1,"minecraft:cobbled_deepslate":52,"minecraft:pointed_dripstone":21,"tombstone:gift":1,"minecraft:rotten_flesh":7,"minecraft:oak_planks":36,"mores:silver_leggings":1,"minecraft:iron_bars":12,"minecraft:arrow":10,"minecraft:dripstone_block":3,"minecraft:cobblestone":33,"alexscaves:spelunkery_table":1,"minecraft:amethyst_block":56,"minecraft:diorite":14,"minecraft:ink_sac":2,"minecraft:white_concrete":3,"tombstone:grave_dust":6,"minecraft:paper":18,"minecraft:string":4,"minecraft:tripwire_hook":1,"minecraft:bucket":1,"minecraft:spruce_sapling":4,"minecraft:smooth_basalt":11,"minecraft:redstone":4,"minecraft:furnace":5,"minecraft:tuff":35,"minecraft:light_gray_wool":1,"mores:tin_boots":1,"minecraft:spruce_planks":4,"mores:tin_chestplate":1,"minecraft:bundle":3,"minecraft:andesite":18,"minecraft:oak_sapling":30,"minecraft:calcite":17},"minecraft:killed_by":{"minecraft:zombie":25,"minecraft:illusioner":2,"minecraft:stray":2,"minecraft:warden":26,"minecraft:skeleton":16},"minecraft:custom":{"minecraft:interact_with_crafting_table":76,"minecraft:open_barrel":93,"minecraft:eat_cake_slice":4,"minecraft:leave_game":23,"minecraft:time_since_death":14220,"minecraft:sprint_one_cm":1327577,"minecraft:drop":86,"minecraft:talked_to_villager":3,"minecraft:play_time":557097,"minecraft:deaths":79,"minecraft:jump":4544,"minecraft:walk_on_water_one_cm":13539,"minecraft:interact_with_furnace":78,"minecraft:interact_with_loom":3,"minecraft:sleep_in_bed":26,"minecraft:damage_dealt":32823,"minecraft:crouch_one_cm":43291,"tombstone:undead_killed":99,"tombstone:villager_killed":2,"minecraft:interact_with_smoker":1,"minecraft:mob_kills":155,"minecraft:inspect_hopper":1,"minecraft:climb_one_cm":14829,"minecraft:walk_one_cm":693750,"minecraft:sneak_time":35318,"minecraft:walk_under_water_one_cm":16869,"minecraft:interact_with_blast_furnace":1,"minecraft:total_world_time":557097,"tombstone:raider_killed":1,"minecraft:tune_noteblock":4,"minecraft:interact_with_stonecutter":1,"minecraft:time_since_rest":159,"minecraft:damage_taken":26915,"minecraft:swim_one_cm":82953,"minecraft:fly_one_cm":550994,"minecraft:open_chest":64,"minecraft:fall_one_cm":56479}},"DataVersion":3465}