{"stats":{"minecraft:used":{"minecraft:cherry_sapling":1,"minecraft:spruce_slab":3,"minecraft:dispenser":2,"minecraft:ladder":1,"mores:tin_pickaxe":100,"minecraft:chest":40,"minecraft:iron_sword":4,"mores:tin_helmet":1,"minecraft:rotten_flesh":26,"minecraft:iron_chestplate":1,"minecraft:jungle_planks":1,"minecraft:carrot":13,"minecraft:pink_terracotta":1,"minecraft:tuff":30,"minecraft:lava_bucket":2,"mores:amethyst_pickaxe":702,"minecraft:stone_brick_stairs":14,"minecraft:stone_bricks":53,"minecraft:item_frame":1,"minecraft:bow":29,"minecraft:oak_sapling":3,"minecraft:furnace":14,"immersive_aircraft:biplane":7,"minecraft:dark_oak_stairs":1,"travelersbackpack:nether":1,"minecraft:diorite":5,"minecraft:stone_pickaxe":263,"minecraft:oak_planks":188,"minecraft:wooden_pickaxe":60,"mores:topaz_pickaxe":4,"minecraft:cookie":1,"minecraft:white_wool":1,"mores:tin_boots":1,"minecraft:sand":1,"alexscaves:cave_book":1,"securitycraft:universal_block_remover":4,"minecraft:bread":2,"tombstone:grave_key":14,"minecraft:stripped_oak_wood":5,"minecraft:oak_boat":1,"minecraft:iron_bars":10,"mores:amethyst_chestplate":1,"simplyswords:iron_warglaive":95,"minecraft:spruce_planks":11,"mores:tourmaline_leggings":1,"minecraft:cooked_chicken":1,"minecraft:torch":353,"minecraft:dirt":72,"mores:silver_leggings":1,"minecraft:hopper":7,"minecraft:iron_axe":766,"mores:amethyst_helmet":2,"travelersbackpack:squid":9,"minecraft:mud_bricks":26,"minecraft:smooth_basalt":2,"alexscaves:spelunkery_table":1,"minecraft:light_gray_wool":1,"mores:obsidian_shovel":2,"tombstone:gift":3,"minecraft:cooked_beef":16,"mores:obsidian_battleaxe":101,"minecraft:cobbled_deepslate":212,"minecraft:calcite":6,"minecraft:cooked_mutton":25,"mores:amethyst_boots":1,"minecraft:stonecutter":1,"minecraft:cobblestone_slab":14,"mores:amethyst_leggings":1,"securitycraft:reinforced_stone_bricks":304,"minecraft:crafting_table":26,"minecraft:white_bed":1,"minecraft:spruce_log":1,"minecraft:oak_log":5,"mores:amethyst_axe":464,"minecraft:dark_prismarine":3,"minecraft:diamond_pickaxe":6,"minecraft:apple":19,"minecraft:iron_pickaxe":811,"mores:cobalt_pickaxe":319,"minecraft:stone_axe":199,"minecraft:cobblestone":101,"travelersbackpack:standard":20,"mores:tin_chestplate":1,"minecraft:bucket":6,"minecraft:yellow_bed":19,"minecraft:gray_wool":1},"minecraft:broken":{"minecraft:stone_pickaxe":2,"minecraft:stone_axe":1,"securitycraft:universal_block_reinforcer_lvl1":1,"mores:amethyst_boots":1,"mores:amethyst_helmet":2,"mores:amethyst_axe":1,"minecraft:wooden_pickaxe":1,"mores:cobalt_pickaxe":1,"mores:tin_pickaxe":1,"minecraft:iron_axe":4,"mores:amethyst_chestplate":1,"minecraft:iron_pickaxe":2,"mores:amethyst_leggings":1,"mores:amethyst_pickaxe":1},"minecraft:picked_up":{"alexscaves:cave_tablet":1,"minecraft:oak_stairs":1,"minecraft:wither_rose":1,"minecraft:stone_brick_stairs":34,"minecraft:amethyst_block":56,"minecraft:string":10,"minecraft:raw_copper":11,"mores:tourmaline_gem":8,"minecraft:cobbled_deepslate":294,"minecraft:bucket":2,"minecraft:spruce_planks":69,"minecraft:cobblestone_slab":12,"minecraft:calcite":23,"minecraft:furnace":17,"minecraft:stick":80,"minecraft:torch":64,"mores:topaz_gem":23,"minecraft:pointed_dripstone":21,"tombstone:grave_dust":13,"minecraft:diorite":19,"minecraft:pink_terracotta":6,"mores:raw_tin":81,"minecraft:rotten_flesh":66,"minecraft:stripped_birch_wood":3,"minecraft:iron_bars":6,"minecraft:cobblestone":683,"minecraft:birch_log":5,"minecraft:cooked_beef":3,"minecraft:andesite":18,"minecraft:flint":1,"minecraft:tuff":65,"minecraft:lapis_lazuli":35,"minecraft:dirt":82,"minecraft:polished_granite":8,"minecraft:bone":36,"minecraft:acacia_planks":3,"minecraft:bow":4,"minecraft:raw_gold":16,"minecraft:dark_oak_sign":2,"minecraft:mossy_stone_bricks":1,"mores:turquoise_gem":1,"minecraft:oak_planks":66,"travelersbackpack:squid":2,"minecraft:jungle_planks":1,"minecraft:sand":61,"mores:raw_cobalt":16,"minecraft:ink_sac":7,"minecraft:dark_prismarine":7,"minecraft:bundle":4,"minecraft:diamond":5,"minecraft:writable_book":1,"travelersbackpack:nether":1,"minecraft:white_concrete":3,"minecraft:spruce_sign":1,"minecraft:oak_sapling":82,"mores:raw_silver":23,"minecraft:crafting_table":41,"minecraft:ladder":1,"mores:tin_helmet":1,"immersive_aircraft:biplane":6,"minecraft:item_frame":1,"minecraft:beef":20,"minecraft:oak_boat":1,"minecraft:light_gray_wool":2,"minecraft:spruce_slab":3,"minecraft:lectern":2,"minecraft:sugar_cane":1,"minecraft:chest":24,"minecraft:raw_iron":77,"minecraft:stone":5,"minecraft:cookie":1,"minecraft:redstone":68,"minecraft:dark_oak_planks":4,"minecraft:arrow":32,"minecraft:jungle_stairs":2,"minecraft:hay_block":1,"securitycraft:reinforced_stone_bricks":304,"alexscaves:spelunkery_table":5,"mores:tourmaline_leggings":1,"minecraft:bone_block":4,"minecraft:mutton":33,"minecraft:white_wool":21,"minecraft:mud_bricks":32,"minecraft:tripwire_hook":3,"minecraft:leather":15,"minecraft:packed_mud":7,"minecraft:oak_log":214,"minecraft:yellow_bed":19,"minecraft:gunpowder":1,"tombstone:gift":2,"minecraft:cooked_mutton":8,"minecraft:stone_bricks":493,"minecraft:apple":13,"minecraft:iron_ingot":32,"minecraft:cooked_chicken":1,"tombstone:bag_of_seeds":2,"minecraft:stripped_oak_wood":10,"minecraft:iron_sword":2,"minecraft:dark_oak_stairs":1,"minecraft:book":51,"minecraft:sculk_catalyst":1,"minecraft:smooth_basalt":13,"minecraft:dripstone_block":3,"minecraft:gravel":30,"mores:ruby_gem":2,"minecraft:amethyst_shard":74,"minecraft:spruce_sapling":36,"mores:moissanite_gem":2,"minecraft:spruce_log":145,"minecraft:spruce_door":3,"minecraft:spider_eye":1,"minecraft:leather_helmet":1,"mores:tin_ingot":2,"travelersbackpack:standard":1,"mores:sapphire_gem":6,"mores:anthracite":20,"minecraft:cherry_sapling":1,"minecraft:gray_wool":1,"alexscaves:cave_map":1,"minecraft:terracotta":4,"tombstone:magic_scroll":5,"minecraft:coal":337,"minecraft:hopper":4,"minecraft:ender_pearl":1},"minecraft:crafted":{"immersive_aircraft:engine":1,"mores:silver_leggings":1,"minecraft:smooth_stone":3,"minecraft:oak_planks":368,"minecraft:cobblestone_slab":12,"minecraft:stone":1,"mores:amethyst_leggings":1,"minecraft:cooked_mutton":17,"minecraft:iron_bars":16,"securitycraft:laser_block":1,"minecraft:glass":33,"minecraft:hopper":3,"minecraft:bow":2,"mores:tin_ingot":21,"mores:amethyst_pickaxe":1,"immersive_aircraft:hull":3,"minecraft:chest":21,"mores:amethyst_helmet":2,"mores:silver_ingot":7,"mores:tin_chestplate":1,"minecraft:crafting_table":4,"minecraft:spruce_planks":156,"mores:cobalt_pickaxe":1,"minecraft:wooden_pickaxe":1,"travelersbackpack:standard":2,"mores:tin_helmet":1,"mores:amethyst_axe":1,"minecraft:copper_ingot":11,"immersive_aircraft:propeller":1,"minecraft:dispenser":2,"minecraft:diamond_pickaxe":1,"minecraft:stick":108,"minecraft:iron_ingot":35,"minecraft:iron_pickaxe":2,"minecraft:gold_ingot":6,"minecraft:shears":1,"securitycraft:universal_block_reinforcer_lvl1":1,"mores:amethyst_chestplate":1,"mores:amethyst_boots":1,"mores:tin_pickaxe":1,"minecraft:furnace":8,"minecraft:blast_furnace":1,"immersive_aircraft:biplane":1,"minecraft:piston":2,"alexscaves:cave_map":1,"minecraft:glass_pane":16,"mores:topaz_pickaxe":1,"travelersbackpack:white_sleeping_bag":2,"minecraft:iron_axe":4,"securitycraft:universal_block_remover":1,"minecraft:stone_pickaxe":2,"minecraft:redstone_block":1,"minecraft:cooked_beef":13,"immersive_aircraft:boiler":1,"mores:cobalt_ingot":3,"travelersbackpack:backpack_tank":4,"minecraft:bucket":1,"minecraft:stone_axe":2,"travelersbackpack:squid":1,"minecraft:oak_boat":1,"mores:tin_boots":1,"minecraft:stonecutter":1,"minecraft:white_bed":1,"minecraft:torch":296},"minecraft:killed":{"minecraft:spider":6,"minecraft:skeleton":34,"minecraft:illusioner":1,"minecraft:zombie_villager":3,"minecraft:creeper":2,"minecraft:sheep":23,"minecraft:zombie":68,"minecraft:stray":1,"minecraft:cow":9,"minecraft:horse":4,"minecraft:drowned":1,"minecraft:warden":2,"minecraft:hoglin":1,"minecraft:squid":3,"minecraft:wither_skeleton":36,"minecraft:villager":2,"minecraft:enderman":1},"minecraft:mined":{"minecraft:dark_oak_planks":9,"minecraft:large_amethyst_bud":3,"minecraft:spruce_planks":79,"minecraft:oak_sapling":1,"minecraft:sculk_vein":1,"minecraft:budding_amethyst":6,"minecraft:grass_block":4,"minecraft:white_concrete":3,"minecraft:mud_bricks":36,"minecraft:hopper":4,"minecraft:spawner":12,"mores:deepslate_tourmaline_ore":8,"minecraft:sculk_catalyst":3,"minecraft:iron_ore":59,"minecraft:cobbled_deepslate":21,"minecraft:fire":2,"minecraft:dark_oak_stairs":1,"minecraft:sculk_shrieker":3,"minecraft:pointed_dripstone":10,"mores:deepslate_sapphire_ore":6,"minecraft:oak_stairs":1,"minecraft:iron_bars":6,"minecraft:spruce_slab":3,"mores:deepslate_moissanite_ore":2,"minecraft:deepslate_redstone_ore":15,"minecraft:amethyst_cluster":28,"mores:deepslate_anthracite_ore":20,"minecraft:torch":22,"minecraft:jungle_stairs":2,"minecraft:calcite":23,"minecraft:poppy":1,"minecraft:chest":24,"minecraft:spruce_wall_sign":1,"minecraft:cobblestone":39,"minecraft:sugar_cane":1,"minecraft:oak_planks":67,"mores:deepslate_turquoise_ore":1,"minecraft:wall_torch":34,"minecraft:amethyst_block":60,"minecraft:birch_log":5,"minecraft:stripped_oak_wood":10,"minecraft:stone_brick_stairs":35,"minecraft:grass":9,"minecraft:oak_log":246,"minecraft:sand":62,"minecraft:dirt":80,"mores:silver_ore":23,"minecraft:stripped_birch_wood":3,"minecraft:smooth_basalt":13,"minecraft:tripwire_hook":2,"mores:deepslate_topaz_ore":23,"minecraft:oak_leaves":15,"minecraft:deepslate":275,"minecraft:dark_prismarine":7,"alexscaves:spelunkery_table":2,"minecraft:tuff":45,"minecraft:deepslate_diamond_ore":5,"minecraft:ladder":1,"minecraft:jungle_planks":2,"minecraft:spruce_leaves":9,"minecraft:acacia_slab":2,"minecraft:large_fern":7,"minecraft:hay_block":1,"minecraft:furnace":12,"minecraft:packed_mud":8,"minecraft:andesite":19,"mores:deepslate_cobalt_ore":1,"minecraft:bookshelf":17,"minecraft:deepslate_iron_ore":9,"minecraft:cobblestone_slab":11,"minecraft:stripped_oak_log":1,"minecraft:stone":605,"minecraft:bone_block":4,"minecraft:white_wool":1,"minecraft:pink_terracotta":6,"mores:cobalt_ore":15,"minecraft:spruce_door":1,"minecraft:polished_granite":8,"travelersbackpack:standard":1,"minecraft:crafting_table":32,"minecraft:sculk_sensor":4,"minecraft:lectern":2,"minecraft:tall_grass":1,"minecraft:copper_ore":4,"minecraft:deepslate_gold_ore":16,"minecraft:lapis_ore":6,"minecraft:sculk":10,"minecraft:diorite":21,"mores:tin_ore":23,"travelersbackpack:squid":2,"mores:deepslate_ruby_ore":2,"minecraft:dark_oak_wall_sign":2,"minecraft:spruce_log":200,"minecraft:yellow_bed":19,"minecraft:coal_ore":134,"minecraft:cherry_leaves":15,"minecraft:gravel":29,"minecraft:dripstone_block":3,"minecraft:cobweb":4,"minecraft:terracotta":4,"minecraft:acacia_planks":3,"minecraft:stripped_acacia_wood":11,"minecraft:stone_bricks":486,"minecraft:mossy_stone_bricks":3,"minecraft:fern":2},"minecraft:dropped":{"minecraft:spruce_sign":1,"minecraft:oak_log":24,"minecraft:crafting_table":9,"minecraft:leather":3,"mores:tin_ingot":3,"minecraft:flint":1,"mores:tin_helmet":2,"minecraft:dirt":4,"minecraft:writable_book":1,"minecraft:dark_oak_planks":1,"minecraft:birch_log":5,"minecraft:white_wool":10,"minecraft:bone":12,"minecraft:gravel":11,"minecraft:stone_axe":1,"minecraft:cobbled_deepslate":52,"tombstone:gift":1,"minecraft:pointed_dripstone":21,"minecraft:rotten_flesh":7,"minecraft:oak_planks":36,"mores:silver_leggings":1,"minecraft:iron_bars":12,"minecraft:arrow":10,"minecraft:dripstone_block":3,"minecraft:cobblestone":33,"alexscaves:spelunkery_table":1,"minecraft:amethyst_block":56,"minecraft:spruce_door":1,"minecraft:diorite":14,"minecraft:ink_sac":2,"minecraft:white_concrete":3,"tombstone:grave_dust":6,"minecraft:paper":18,"minecraft:string":4,"minecraft:tripwire_hook":1,"minecraft:bucket":1,"minecraft:spruce_sapling":4,"minecraft:smooth_basalt":11,"minecraft:redstone":4,"minecraft:furnace":5,"minecraft:tuff":35,"minecraft:light_gray_wool":1,"mores:tin_boots":1,"minecraft:spruce_planks":4,"mores:tin_chestplate":1,"minecraft:bundle":3,"minecraft:andesite":18,"minecraft:oak_sapling":79,"minecraft:calcite":17},"minecraft:killed_by":{"minecraft:wither_skeleton":6,"minecraft:zombie":25,"minecraft:illusioner":2,"minecraft:stray":2,"minecraft:warden":26,"minecraft:skeleton":16},"minecraft:custom":{"minecraft:interact_with_crafting_table":86,"minecraft:open_barrel":103,"minecraft:eat_cake_slice":4,"minecraft:leave_game":27,"minecraft:time_since_death":10052,"minecraft:sprint_one_cm":1553744,"minecraft:drop":91,"minecraft:talked_to_villager":3,"minecraft:play_time":668828,"minecraft:deaths":87,"minecraft:jump":5352,"minecraft:walk_on_water_one_cm":22811,"minecraft:interact_with_furnace":81,"minecraft:interact_with_loom":3,"minecraft:sleep_in_bed":26,"minecraft:damage_dealt":45119,"minecraft:crouch_one_cm":50858,"tombstone:undead_killed":143,"tombstone:villager_killed":2,"minecraft:interact_with_smoker":1,"minecraft:mob_kills":202,"minecraft:inspect_hopper":2,"minecraft:climb_one_cm":27641,"minecraft:walk_one_cm":854739,"minecraft:sneak_time":46481,"minecraft:walk_under_water_one_cm":17216,"minecraft:interact_with_blast_furnace":1,"minecraft:total_world_time":668828,"tombstone:raider_killed":1,"minecraft:tune_noteblock":4,"minecraft:interact_with_stonecutter":1,"minecraft:time_since_rest":9682,"minecraft:damage_taken":30593,"minecraft:swim_one_cm":83829,"minecraft:fly_one_cm":614365,"minecraft:open_chest":93,"minecraft:fall_one_cm":82182}},"DataVersion":3465}