{"stats":{"minecraft:broken":{"minecraft:stone_pickaxe":2},"minecraft:mined":{"minecraft:glass_pane":1,"mores:cobalt_ore":6,"minecraft:mossy_cobblestone":1,"minecraft:crafting_table":2,"minecraft:dark_oak_fence":8,"minecraft:grass_block":9,"minecraft:rose_bush":1,"minecraft:redstone_wire":28,"minecraft:copper_ore":5,"minecraft:cobblestone":4,"minecraft:lapis_ore":4,"mores:tin_ore":15,"minecraft:diorite":8,"minecraft:sandstone":1,"minecraft:wall_torch":2,"minecraft:pink_petals":2,"minecraft:cyan_wool":8,"minecraft:seagrass":1,"minecraft:smooth_stone":9,"minecraft:repeater":2,"minecraft:coarse_dirt":3,"minecraft:furnace":2,"minecraft:iron_ore":11,"minecraft:andesite":4,"minecraft:white_wall_banner":2,"minecraft:yellow_bed":6,"minecraft:grass":5,"minecraft:pointed_dripstone":2,"minecraft:oak_log":16,"minecraft:coal_ore":67,"minecraft:deepslate_iron_ore":4,"minecraft:gravel":5,"minecraft:dirt":19,"mores:silver_ore":4,"minecraft:spruce_slab":1,"minecraft:stone":194,"minecraft:bone_block":149,"minecraft:mossy_stone_bricks":1,"minecraft:oak_leaves":4,"minecraft:deepslate":8},"minecraft:dropped":{"minecraft:goat_horn":1,"minecraft:coarse_dirt":3,"minecraft:oak_planks":1,"tombstone:grave_dust":1,"minecraft:pink_petals":1},"minecraft:picked_up":{"minecraft:pink_petals":1,"minecraft:coarse_dirt":4,"minecraft:crafting_table":2,"minecraft:repeater":2,"minecraft:andesite":3,"minecraft:leather":2,"minecraft:flint":2,"minecraft:oak_log":14,"minecraft:yellow_bed":6,"minecraft:lapis_lazuli":25,"minecraft:dirt":28,"minecraft:white_banner":2,"minecraft:raw_copper":14,"minecraft:pufferfish":1,"minecraft:bone":4,"minecraft:apple":1,"minecraft:wheat_seeds":1,"minecraft:cobbled_deepslate":8,"minecraft:smooth_stone":9,"minecraft:beef":3,"minecraft:rose_bush":1,"minecraft:cyan_wool":2,"minecraft:furnace":2,"minecraft:stick":7,"minecraft:raw_iron":15,"minecraft:sandstone":1,"minecraft:torch":3,"minecraft:gravel":4,"mores:raw_cobalt":6,"minecraft:diorite":7,"minecraft:redstone":28,"minecraft:mossy_cobblestone":1,"mores:raw_tin":52,"minecraft:arrow":2,"minecraft:saddle":1,"minecraft:oak_sapling":11,"mores:raw_silver":4,"minecraft:coal":67,"minecraft:bone_block":146,"minecraft:cobblestone":188},"minecraft:used":{"minecraft:diorite":3,"minecraft:stone_pickaxe":415,"minecraft:bone_block":5,"mores:tin_pickaxe":89,"minecraft:chest":2,"minecraft:wooden_pickaxe":9,"mores:tin_helmet":1,"minecraft:wooden_shovel":11,"mores:tin_boots":1,"minecraft:torch":30,"minecraft:golden_apple":1,"minecraft:dirt":23,"minecraft:crafting_table":4,"mores:tin_leggings":1,"minecraft:cyan_wool":2,"minecraft:wooden_axe":8,"minecraft:apple":11,"minecraft:bread":4,"minecraft:map":1,"mores:cobalt_pickaxe":27,"minecraft:gravel":4,"minecraft:stone_axe":51,"minecraft:fishing_rod":1,"minecraft:cobblestone":71,"minecraft:goat_horn":1,"mores:tin_chestplate":1,"minecraft:furnace":1,"tombstone:gift":4,"minecraft:yellow_bed":5,"minecraft:coarse_dirt":1,"minecraft:cooked_beef":3,"minecraft:smooth_stone":1},"minecraft:killed_by":{"minecraft:zombie":1,"minecraft:pillager":1,"minecraft:drowned":5},"minecraft:crafted":{"minecraft:cooked_beef":3,"minecraft:coal_block":8,"mores:silver_ingot":3,"minecraft:oak_planks":56,"minecraft:wooden_shovel":1,"mores:tin_pickaxe":2,"mores:tin_chestplate":1,"minecraft:crafting_table":3,"mores:cobalt_ingot":6,"mores:cobalt_pickaxe":2,"minecraft:wooden_pickaxe":1,"mores:tin_helmet":1,"minecraft:stone_axe":1,"mores:tin_leggings":1,"minecraft:air":0,"mores:tin_boots":1,"mores:tin_ingot":52,"minecraft:stick":40,"minecraft:iron_ingot":6,"minecraft:stone_pickaxe":3,"minecraft:wooden_axe":1,"minecraft:chest":2,"minecraft:torch":52},"minecraft:killed":{"minecraft:horse":1,"minecraft:skeleton":2,"minecraft:pillager":2,"minecraft:cow":1},"minecraft:custom":{"minecraft:interact_with_furnace":40,"minecraft:interact_with_anvil":1,"minecraft:mob_kills":7,"tombstone:raider_killed":2,"minecraft:interact_with_crafting_table":30,"minecraft:interact_with_stonecutter":1,"minecraft:leave_game":2,"minecraft:time_since_death":6700,"minecraft:sleep_in_bed":7,"minecraft:climb_one_cm":4874,"minecraft:damage_absorbed":10,"minecraft:time_since_rest":4407,"minecraft:sprint_one_cm":161780,"minecraft:damage_taken":3195,"minecraft:walk_one_cm":163771,"tombstone:sneak_grave":1,"minecraft:drop":7,"minecraft:damage_dealt":1421,"minecraft:swim_one_cm":75167,"minecraft:talked_to_villager":5,"minecraft:fly_one_cm":130282,"minecraft:open_chest":61,"minecraft:crouch_one_cm":2726,"minecraft:play_time":90984,"tombstone:undead_killed":2,"minecraft:deaths":8,"minecraft:sneak_time":1713,"minecraft:walk_under_water_one_cm":49229,"minecraft:jump":909,"minecraft:walk_on_water_one_cm":27806,"minecraft:fish_caught":1,"minecraft:total_world_time":90984,"minecraft:fall_one_cm":31662,"minecraft:horse_one_cm":3220}},"DataVersion":3465}