{"stats":{"minecraft:broken":{"mores:tin_helmet":1,"minecraft:stone_pickaxe":2,"mores:cobalt_pickaxe":2,"minecraft:stone_axe":1},"minecraft:mined":{"minecraft:dark_oak_planks":14,"minecraft:red_nether_brick_slab":1,"minecraft:mossy_cobblestone":2,"minecraft:deepslate_diamond_ore":1,"alexscaves:limestone":91,"minecraft:granite":24,"minecraft:dark_oak_fence":8,"minecraft:grass_block":10,"minecraft:spruce_fence":1,"minecraft:redstone_wire":28,"minecraft:coal_block":2,"minecraft:moss_block":1,"minecraft:sandstone":55,"minecraft:spawner":4,"minecraft:large_fern":1,"minecraft:smooth_stone":10,"minecraft:redstone_ore":4,"mores:deepslate_tourmaline_ore":10,"minecraft:packed_mud":4,"minecraft:furnace":3,"minecraft:dark_oak_trapdoor":2,"minecraft:iron_ore":43,"minecraft:andesite":13,"minecraft:pointed_dripstone":4,"minecraft:water_cauldron":1,"minecraft:deepslate_iron_ore":6,"alexscaves:ambersol":2,"minecraft:smooth_quartz_stairs":1,"minecraft:stripped_mangrove_wood":5,"minecraft:stone":535,"minecraft:bone_block":149,"minecraft:spruce_slab":1,"minecraft:deepslate_redstone_ore":6,"alexscaves:amber":43,"minecraft:glass_pane":1,"mores:cobalt_ore":7,"minecraft:crafting_table":4,"alexscaves:flytrap":1,"minecraft:calcite":8,"minecraft:rose_bush":1,"minecraft:lectern":2,"minecraft:cobblestone":24,"minecraft:copper_ore":31,"minecraft:lapis_ore":10,"minecraft:oak_planks":1,"mores:tin_ore":15,"minecraft:diorite":20,"minecraft:wall_torch":4,"minecraft:pink_petals":2,"minecraft:spruce_stairs":1,"minecraft:seagrass":1,"minecraft:chain":1,"minecraft:cyan_wool":8,"minecraft:repeater":2,"minecraft:coarse_dirt":3,"minecraft:yellow_bed":7,"minecraft:white_wall_banner":2,"minecraft:grass":7,"minecraft:mangrove_slab":1,"minecraft:coal_ore":116,"minecraft:oak_log":46,"minecraft:gravel":7,"minecraft:dripstone_block":1,"minecraft:dirt":32,"mores:silver_ore":7,"mores:deepslate_topaz_ore":1,"minecraft:mossy_stone_bricks":1,"minecraft:oak_leaves":6,"minecraft:deepslate":30},"minecraft:dropped":{"minecraft:cobblestone":5,"minecraft:dark_oak_trapdoor":1,"tombstone:grave_dust":3,"minecraft:white_banner":2,"minecraft:smooth_stone":1,"minecraft:dark_oak_planks":4,"minecraft:pink_petals":1,"minecraft:mangrove_slab":1,"minecraft:goat_horn":1,"minecraft:coarse_dirt":3,"minecraft:rotten_flesh":11,"minecraft:oak_planks":1},"minecraft:picked_up":{"minecraft:crafting_table":4,"minecraft:coarse_dirt":4,"minecraft:chain":1,"minecraft:string":1,"minecraft:dark_oak_trapdoor":1,"minecraft:raw_copper":163,"immersive_aircraft:biplane":2,"mores:tourmaline_gem":10,"minecraft:pufferfish":1,"minecraft:cobbled_deepslate":28,"minecraft:smooth_stone":11,"minecraft:beef":3,"minecraft:rose_bush":1,"minecraft:cyan_wool":2,"minecraft:lectern":1,"minecraft:coal_block":2,"alexscaves:flytrap":1,"minecraft:furnace":3,"minecraft:stripped_mangrove_wood":5,"minecraft:stick":7,"minecraft:raw_iron":49,"minecraft:sandstone":54,"minecraft:copper_ingot":1,"minecraft:torch":6,"minecraft:spruce_stairs":1,"mores:topaz_gem":1,"minecraft:pointed_dripstone":1,"tombstone:grave_dust":2,"minecraft:diorite":18,"minecraft:redstone":72,"minecraft:cauldron":1,"minecraft:dark_oak_planks":13,"mores:raw_tin":52,"minecraft:arrow":2,"minecraft:rotten_flesh":12,"minecraft:saddle":1,"minecraft:white_wool":10,"minecraft:bone_block":146,"minecraft:cobblestone":549,"minecraft:pink_petals":1,"minecraft:repeater":2,"minecraft:andesite":12,"minecraft:leather":2,"minecraft:packed_mud":4,"alexscaves:limestone":90,"minecraft:flint":2,"minecraft:oak_log":42,"minecraft:yellow_bed":7,"minecraft:gunpowder":1,"alexscaves:ambersol":2,"minecraft:lapis_lazuli":64,"minecraft:mangrove_slab":1,"minecraft:dirt":41,"tombstone:gift":1,"minecraft:white_banner":4,"alexscaves:amber":34,"minecraft:bone":4,"minecraft:apple":1,"minecraft:bow":2,"minecraft:wheat_seeds":1,"minecraft:iron_ingot":1,"minecraft:moss_block":1,"minecraft:oak_planks":37,"minecraft:dripstone_block":1,"minecraft:gravel":6,"mores:raw_cobalt":7,"minecraft:mossy_cobblestone":2,"minecraft:diamond":1,"minecraft:granite":23,"minecraft:spruce_sign":1,"tombstone:magic_scroll":2,"minecraft:red_nether_brick_slab":1,"minecraft:oak_sapling":12,"mores:raw_silver":7,"minecraft:coal":127},"minecraft:used":{"minecraft:bone_block":7,"mores:tin_pickaxe":89,"minecraft:chest":3,"minecraft:shield":1,"mores:tin_helmet":1,"minecraft:wooden_shovel":11,"minecraft:torch":72,"minecraft:dirt":29,"alexscaves:ambersol":1,"minecraft:spruce_stairs":1,"alexscaves:limestone":78,"minecraft:granite":3,"minecraft:cyan_wool":2,"minecraft:dark_oak_planks":3,"minecraft:wooden_axe":8,"minecraft:iron_axe":133,"minecraft:iron_boots":1,"minecraft:furnace":4,"minecraft:goat_horn":1,"immersive_aircraft:biplane":2,"tombstone:gift":5,"minecraft:cooked_beef":3,"minecraft:diorite":3,"minecraft:stone_pickaxe":415,"minecraft:wooden_pickaxe":9,"minecraft:sandstone":44,"minecraft:cauldron":1,"minecraft:mossy_cobblestone":1,"mores:tin_boots":1,"minecraft:golden_apple":1,"minecraft:stripped_mangrove_wood":5,"minecraft:crafting_table":8,"mores:tin_leggings":1,"minecraft:cake":1,"mores:sterling_leggings":1,"minecraft:apple":11,"minecraft:bread":18,"minecraft:iron_pickaxe":159,"minecraft:map":1,"minecraft:lectern":1,"tombstone:magic_scroll":1,"mores:cobalt_pickaxe":691,"mores:duck_egg":1,"minecraft:gravel":6,"minecraft:stone_axe":83,"minecraft:fishing_rod":1,"minecraft:cobblestone":262,"mores:tin_chestplate":1,"minecraft:andesite":7,"minecraft:yellow_bed":7,"minecraft:coarse_dirt":1,"minecraft:smooth_stone":1},"minecraft:killed_by":{"minecraft:husk":7,"minecraft:pillager":1,"alexscaves:vallumraptor":2,"minecraft:drowned":5,"minecraft:skeleton":1,"minecraft:witch":1,"minecraft:zombie":2},"minecraft:crafted":{"immersive_aircraft:engine":1,"minecraft:smooth_stone":3,"minecraft:oak_planks":96,"minecraft:coal":9,"mores:tin_pickaxe":2,"minecraft:furnace":3,"minecraft:blast_furnace":1,"immersive_aircraft:biplane":1,"minecraft:piston":2,"minecraft:stone":4,"minecraft:iron_boots":1,"minecraft:iron_axe":1,"mores:tin_ingot":52,"immersive_aircraft:hull":3,"minecraft:stone_pickaxe":3,"minecraft:chest":3,"minecraft:cooked_beef":3,"minecraft:coal_block":8,"mores:silver_ingot":3,"minecraft:wooden_shovel":1,"immersive_aircraft:boiler":1,"mores:tin_chestplate":1,"minecraft:crafting_table":4,"mores:cobalt_ingot":6,"minecraft:iron_helmet":1,"mores:cobalt_pickaxe":2,"minecraft:wooden_pickaxe":1,"mores:tin_helmet":1,"minecraft:copper_ingot":12,"minecraft:stone_axe":1,"mores:tin_leggings":1,"immersive_aircraft:propeller":1,"minecraft:air":0,"minecraft:iron_chestplate":1,"mores:tin_boots":1,"minecraft:shield":1,"minecraft:stick":72,"minecraft:iron_ingot":20,"minecraft:wooden_axe":1,"minecraft:torch":88},"minecraft:killed":{"minecraft:skeleton":4,"minecraft:horse":1,"minecraft:husk":9,"minecraft:creeper":1,"minecraft:pillager":2,"minecraft:zombie":7,"minecraft:cow":1},"minecraft:custom":{"minecraft:mob_kills":26,"minecraft:interact_with_anvil":1,"minecraft:interact_with_crafting_table":57,"minecraft:open_barrel":10,"minecraft:bell_ring":1,"minecraft:eat_cake_slice":7,"minecraft:leave_game":4,"minecraft:time_since_death":1921,"minecraft:climb_one_cm":13124,"minecraft:sprint_one_cm":301955,"minecraft:walk_one_cm":403951,"minecraft:damage_blocked_by_shield":50,"minecraft:drop":25,"minecraft:talked_to_villager":9,"minecraft:play_time":197375,"minecraft:deaths":22,"minecraft:sneak_time":2907,"minecraft:walk_under_water_one_cm":72966,"minecraft:jump":2026,"minecraft:walk_on_water_one_cm":46177,"minecraft:total_world_time":197375,"minecraft:interact_with_furnace":61,"tombstone:raider_killed":2,"minecraft:interact_with_grindstone":1,"minecraft:interact_with_stonecutter":1,"minecraft:sleep_in_bed":11,"minecraft:time_since_rest":1598,"minecraft:waystone_activated":1,"minecraft:damage_taken":8441,"minecraft:damage_absorbed":10,"tombstone:sneak_grave":1,"minecraft:damage_dealt":7439,"minecraft:swim_one_cm":92312,"minecraft:fly_one_cm":257328,"minecraft:open_chest":97,"minecraft:crouch_one_cm":5113,"tombstone:undead_killed":20,"minecraft:fish_caught":1,"minecraft:fall_one_cm":65887,"minecraft:horse_one_cm":3220}},"DataVersion":3465}