{"stats":{"minecraft:broken":{"mores:tin_helmet":1,"minecraft:stone_pickaxe":2,"mores:cobalt_pickaxe":2,"minecraft:iron_axe":1,"minecraft:stone_axe":1,"minecraft:iron_pickaxe":1},"minecraft:mined":{"minecraft:dark_oak_planks":14,"minecraft:red_nether_brick_slab":1,"minecraft:tuff":30,"minecraft:mossy_cobblestone":2,"minecraft:deepslate_diamond_ore":17,"minecraft:sculk_vein":1,"minecraft:glow_lichen":1,"alexscaves:limestone":91,"minecraft:granite":24,"minecraft:dark_oak_fence":8,"minecraft:grass_block":10,"minecraft:spruce_fence":1,"minecraft:redstone_wire":28,"minecraft:coal_block":2,"minecraft:moss_block":1,"minecraft:sandstone":55,"minecraft:spawner":4,"minecraft:large_fern":1,"minecraft:smooth_stone":10,"minecraft:redstone_ore":4,"minecraft:sculk_catalyst":3,"mores:deepslate_tourmaline_ore":32,"minecraft:packed_mud":4,"minecraft:furnace":3,"minecraft:dark_oak_trapdoor":2,"minecraft:iron_ore":43,"minecraft:cobbled_deepslate":12,"minecraft:andesite":13,"mores:deepslate_sapphire_ore":1,"minecraft:pointed_dripstone":4,"minecraft:water_cauldron":1,"minecraft:deepslate_iron_ore":14,"alexscaves:ambersol":2,"minecraft:smooth_quartz_stairs":1,"minecraft:stripped_mangrove_wood":5,"minecraft:stone":535,"minecraft:bone_block":149,"minecraft:spruce_slab":1,"minecraft:deepslate_redstone_ore":11,"alexscaves:amber":43,"minecraft:glass_pane":1,"mores:cobalt_ore":7,"mores:deepslate_anthracite_ore":5,"minecraft:torch":6,"minecraft:crafting_table":6,"alexscaves:flytrap":1,"minecraft:calcite":8,"minecraft:rose_bush":1,"minecraft:sculk_sensor":4,"minecraft:lectern":2,"minecraft:cobblestone":24,"minecraft:copper_ore":31,"minecraft:lapis_ore":10,"minecraft:sculk":14,"minecraft:oak_planks":1,"mores:tin_ore":15,"minecraft:diorite":22,"minecraft:wall_torch":7,"minecraft:pink_petals":2,"minecraft:spruce_stairs":1,"minecraft:seagrass":1,"minecraft:chain":1,"minecraft:cyan_wool":8,"minecraft:repeater":2,"minecraft:coarse_dirt":3,"mores:deepslate_ruby_ore":1,"minecraft:yellow_bed":7,"minecraft:white_wall_banner":2,"minecraft:grass":7,"minecraft:mangrove_slab":1,"minecraft:coal_ore":116,"minecraft:oak_log":46,"minecraft:gravel":19,"minecraft:dripstone_block":1,"minecraft:dirt":32,"mores:silver_ore":7,"mores:deepslate_topaz_ore":11,"minecraft:mossy_stone_bricks":1,"minecraft:oak_leaves":6,"minecraft:deepslate":242},"minecraft:dropped":{"minecraft:iron_helmet":1,"minecraft:cobblestone":5,"minecraft:dirt":16,"minecraft:diorite":6,"tombstone:grave_key":1,"minecraft:dark_oak_trapdoor":1,"tombstone:grave_dust":4,"minecraft:chain":1,"minecraft:white_banner":2,"mores:tourmaline_leggings":1,"minecraft:smooth_stone":1,"minecraft:string":4,"minecraft:dark_oak_planks":4,"minecraft:pink_petals":1,"minecraft:mangrove_slab":1,"minecraft:bone":4,"minecraft:goat_horn":1,"minecraft:cobbled_deepslate":5,"minecraft:coarse_dirt":3,"minecraft:tuff":5,"minecraft:rotten_flesh":11,"minecraft:oak_planks":1,"mores:sterling_leggings":1,"minecraft:iron_chestplate":1,"mores:topaz_sword":1,"minecraft:bow":1},"minecraft:picked_up":{"minecraft:crafting_table":6,"minecraft:coarse_dirt":4,"minecraft:chain":1,"minecraft:string":6,"minecraft:dark_oak_trapdoor":1,"minecraft:raw_copper":163,"immersive_aircraft:biplane":2,"mores:tourmaline_gem":32,"minecraft:pufferfish":1,"minecraft:cobbled_deepslate":173,"minecraft:smooth_stone":11,"minecraft:beef":3,"minecraft:rose_bush":1,"minecraft:cyan_wool":2,"minecraft:lectern":1,"minecraft:coal_block":2,"mores:topaz_sword":1,"alexscaves:flytrap":1,"minecraft:furnace":3,"minecraft:stripped_mangrove_wood":5,"minecraft:stick":7,"minecraft:raw_iron":57,"minecraft:sandstone":54,"minecraft:copper_ingot":1,"minecraft:torch":17,"minecraft:spruce_stairs":1,"mores:topaz_gem":20,"minecraft:pointed_dripstone":1,"tombstone:grave_dust":3,"minecraft:diorite":26,"minecraft:redstone":96,"minecraft:cauldron":1,"minecraft:dark_oak_planks":13,"mores:raw_tin":52,"minecraft:arrow":12,"minecraft:rotten_flesh":16,"minecraft:saddle":1,"minecraft:white_wool":10,"minecraft:bone_block":146,"minecraft:cobblestone":549,"minecraft:pink_petals":1,"minecraft:repeater":2,"minecraft:andesite":12,"minecraft:leather":2,"minecraft:tuff":5,"minecraft:packed_mud":4,"alexscaves:limestone":90,"minecraft:flint":2,"minecraft:oak_log":42,"minecraft:yellow_bed":7,"minecraft:gunpowder":5,"alexscaves:ambersol":2,"minecraft:lapis_lazuli":64,"minecraft:mangrove_slab":1,"minecraft:dirt":53,"tombstone:gift":1,"minecraft:white_banner":4,"alexscaves:amber":34,"minecraft:bone":8,"minecraft:apple":1,"minecraft:bow":2,"minecraft:wheat_seeds":1,"minecraft:iron_ingot":1,"minecraft:moss_block":1,"minecraft:oak_planks":37,"minecraft:dripstone_block":1,"minecraft:gravel":6,"mores:ruby_gem":1,"mores:raw_cobalt":7,"minecraft:spider_eye":1,"minecraft:mossy_cobblestone":2,"mores:sapphire_gem":1,"minecraft:diamond":17,"minecraft:granite":23,"minecraft:spruce_sign":1,"tombstone:magic_scroll":4,"minecraft:red_nether_brick_slab":1,"minecraft:oak_sapling":12,"mores:raw_silver":7,"minecraft:coal":127},"minecraft:used":{"minecraft:bone_block":7,"mores:tin_pickaxe":89,"minecraft:chest":3,"minecraft:shield":35,"mores:tourmaline_leggings":1,"mores:tin_helmet":1,"minecraft:wooden_shovel":11,"minecraft:torch":291,"minecraft:dirt":29,"mores:tourmaline_axe":40,"alexscaves:ambersol":1,"minecraft:spruce_stairs":1,"mores:tourmaline_chestplate":1,"alexscaves:limestone":78,"mores:ruby_dagger":8,"minecraft:granite":3,"minecraft:cyan_wool":2,"minecraft:dark_oak_planks":3,"minecraft:wooden_axe":8,"minecraft:iron_axe":155,"minecraft:iron_boots":1,"minecraft:bow":5,"minecraft:furnace":4,"minecraft:goat_horn":1,"immersive_aircraft:biplane":2,"tombstone:gift":6,"minecraft:cooked_beef":3,"minecraft:cobbled_deepslate":100,"minecraft:diorite":8,"mores:topaz_sword":7,"minecraft:stone_pickaxe":415,"minecraft:wooden_pickaxe":9,"minecraft:sandstone":44,"mores:topaz_pickaxe":278,"minecraft:cauldron":1,"minecraft:mossy_cobblestone":1,"mores:tin_boots":1,"minecraft:golden_apple":1,"minecraft:stripped_mangrove_wood":5,"minecraft:crafting_table":9,"mores:tin_leggings":1,"minecraft:cake":1,"mores:sterling_leggings":1,"minecraft:apple":11,"minecraft:bread":37,"minecraft:iron_pickaxe":248,"minecraft:map":1,"minecraft:lectern":1,"tombstone:magic_scroll":2,"mores:cobalt_pickaxe":691,"mores:chocolate":2,"tombstone:grave_key":1,"mores:duck_egg":1,"minecraft:gravel":6,"minecraft:stone_axe":83,"minecraft:fishing_rod":1,"minecraft:cobblestone":268,"mores:tin_chestplate":1,"minecraft:andesite":7,"minecraft:yellow_bed":7,"mores:tourmaline_helmet":1,"minecraft:coarse_dirt":1,"minecraft:smooth_stone":1},"minecraft:killed_by":{"minecraft:husk":7,"minecraft:creeper":2,"minecraft:pillager":1,"alexscaves:vallumraptor":2,"minecraft:drowned":5,"minecraft:skeleton":4,"minecraft:witch":1,"minecraft:zombie":2},"minecraft:crafted":{"immersive_aircraft:engine":1,"minecraft:smooth_stone":3,"minecraft:oak_planks":96,"minecraft:coal":81,"mores:tin_pickaxe":2,"minecraft:furnace":3,"minecraft:blast_furnace":1,"immersive_aircraft:biplane":1,"minecraft:piston":2,"minecraft:stone":4,"mores:topaz_pickaxe":1,"minecraft:iron_boots":1,"mores:ruby_dagger":1,"tombstone:grave_key":1,"minecraft:iron_axe":1,"mores:tin_ingot":52,"mores:tourmaline_axe":1,"immersive_aircraft:hull":3,"minecraft:stone_pickaxe":3,"minecraft:chest":3,"mores:tourmaline_leggings":2,"minecraft:cooked_beef":3,"minecraft:coal_block":8,"mores:silver_ingot":3,"mores:topaz_sword":1,"minecraft:wooden_shovel":1,"mores:tourmaline_chestplate":1,"immersive_aircraft:boiler":1,"mores:tin_chestplate":1,"minecraft:crafting_table":4,"mores:cobalt_ingot":6,"minecraft:iron_helmet":1,"mores:cobalt_pickaxe":2,"minecraft:wooden_pickaxe":1,"mores:tin_helmet":1,"minecraft:copper_ingot":12,"minecraft:stone_axe":1,"mores:tin_leggings":1,"immersive_aircraft:propeller":1,"minecraft:air":0,"minecraft:iron_chestplate":1,"mores:tin_boots":1,"minecraft:shield":1,"minecraft:stick":120,"minecraft:iron_ingot":20,"minecraft:wooden_axe":1,"minecraft:torch":316,"mores:tourmaline_helmet":1},"minecraft:killed":{"minecraft:spider":5,"minecraft:skeleton":11,"minecraft:horse":1,"minecraft:husk":9,"minecraft:zombie_villager":1,"minecraft:creeper":2,"minecraft:pillager":2,"minecraft:zombie":14,"minecraft:cow":1},"minecraft:custom":{"minecraft:mob_kills":48,"minecraft:interact_with_anvil":1,"minecraft:interact_with_crafting_table":67,"minecraft:open_barrel":10,"minecraft:bell_ring":1,"minecraft:eat_cake_slice":7,"minecraft:leave_game":4,"minecraft:time_since_death":3701,"minecraft:climb_one_cm":13124,"minecraft:sprint_one_cm":510958,"minecraft:walk_one_cm":574568,"minecraft:damage_blocked_by_shield":1515,"minecraft:drop":46,"minecraft:talked_to_villager":9,"minecraft:play_time":257375,"minecraft:deaths":27,"minecraft:sneak_time":4392,"minecraft:walk_under_water_one_cm":77095,"minecraft:jump":3174,"minecraft:walk_on_water_one_cm":58430,"minecraft:total_world_time":257375,"minecraft:interact_with_furnace":61,"tombstone:raider_killed":2,"minecraft:interact_with_grindstone":1,"minecraft:interact_with_stonecutter":1,"minecraft:sleep_in_bed":11,"minecraft:time_since_rest":2799,"minecraft:waystone_activated":1,"minecraft:damage_taken":10721,"minecraft:damage_absorbed":10,"tombstone:sneak_grave":1,"minecraft:damage_dealt":11088,"minecraft:swim_one_cm":93364,"minecraft:fly_one_cm":368206,"minecraft:open_chest":108,"minecraft:crouch_one_cm":8132,"tombstone:undead_killed":35,"minecraft:fish_caught":1,"minecraft:fall_one_cm":82221,"minecraft:horse_one_cm":3220}},"DataVersion":3465}