{"stats":{"minecraft:used":{"minecraft:bone_block":7,"mores:tin_pickaxe":89,"minecraft:chest":7,"minecraft:shield":40,"mores:tin_helmet":1,"mores:tourmaline_axe":534,"alexscaves:ambersol":1,"mores:ruby_dagger":8,"minecraft:cyan_wool":2,"minecraft:bow":5,"minecraft:furnace":5,"immersive_aircraft:biplane":11,"minecraft:diorite":8,"minecraft:stone_pickaxe":415,"minecraft:oak_planks":538,"minecraft:ender_pearl":1,"minecraft:wooden_pickaxe":9,"minecraft:sandstone":44,"mores:topaz_pickaxe":400,"mores:tin_boots":1,"minecraft:golden_apple":1,"minecraft:stripped_mangrove_wood":5,"mores:tin_leggings":1,"waystones:waystone":3,"minecraft:bread":37,"minecraft:lectern":1,"tombstone:grave_key":1,"minecraft:gravel":6,"minecraft:andesite":7,"mores:tourmaline_helmet":1,"minecraft:coarse_dirt":1,"minecraft:oak_fence":71,"minecraft:wooden_shovel":11,"mores:tourmaline_leggings":2,"minecraft:oak_door":5,"mores:tourmaline_shovel":1410,"minecraft:torch":357,"minecraft:dirt":666,"minecraft:spruce_stairs":1,"mores:tourmaline_chestplate":2,"alexscaves:limestone":78,"minecraft:granite":3,"minecraft:oak_fence_gate":2,"minecraft:wooden_axe":8,"minecraft:dark_oak_planks":3,"mores:steel_battleaxe":26,"minecraft:iron_axe":155,"minecraft:iron_boots":1,"minecraft:goat_horn":1,"tombstone:gift":7,"minecraft:cooked_beef":3,"minecraft:cobbled_deepslate":139,"mores:tourmaline_boots":2,"mores:topaz_sword":7,"minecraft:cauldron":1,"minecraft:mossy_cobblestone":1,"minecraft:crafting_table":14,"minecraft:cake":1,"mores:sterling_leggings":1,"minecraft:apple":20,"minecraft:iron_pickaxe":352,"minecraft:map":1,"tombstone:magic_scroll":25,"mores:cobalt_pickaxe":691,"mores:chocolate":2,"mores:duck_egg":1,"minecraft:stone_axe":83,"minecraft:fishing_rod":1,"minecraft:cobblestone":294,"mores:tin_chestplate":1,"minecraft:yellow_bed":9,"minecraft:smooth_stone":1},"minecraft:broken":{"mores:tin_helmet":1,"minecraft:stone_pickaxe":2,"minecraft:stone_axe":1,"mores:cobalt_pickaxe":2,"minecraft:iron_axe":1,"minecraft:iron_pickaxe":1},"minecraft:picked_up":{"minecraft:string":7,"minecraft:dark_oak_trapdoor":1,"minecraft:raw_copper":176,"mores:tourmaline_gem":46,"minecraft:pufferfish":1,"minecraft:cobbled_deepslate":217,"minecraft:smooth_stone":11,"minecraft:white_tulip":20,"minecraft:rose_bush":1,"minecraft:coal_block":2,"mores:topaz_sword":1,"alexscaves:flytrap":1,"minecraft:furnace":3,"minecraft:stick":84,"minecraft:oak_fence":14,"minecraft:torch":43,"minecraft:spruce_stairs":1,"minecraft:diorite":26,"tombstone:grave_dust":3,"minecraft:pointed_dripstone":1,"mores:topaz_gem":30,"minecraft:cauldron":1,"mores:raw_tin":52,"minecraft:rotten_flesh":21,"minecraft:cobblestone":646,"minecraft:birch_log":36,"minecraft:pink_petals":1,"minecraft:feather":3,"minecraft:repeater":2,"minecraft:andesite":12,"minecraft:flint":2,"minecraft:tuff":5,"minecraft:dirt":1448,"minecraft:lapis_lazuli":64,"minecraft:mangrove_slab":1,"minecraft:bone":11,"minecraft:bow":2,"minecraft:orange_tulip":10,"minecraft:wheat_seeds":4,"minecraft:moss_block":1,"minecraft:oak_planks":93,"mores:raw_cobalt":7,"minecraft:grass_block":1,"minecraft:mossy_cobblestone":2,"minecraft:diamond":17,"waystones:waystone":4,"minecraft:granite":23,"minecraft:spruce_sign":1,"minecraft:oak_sapling":115,"mores:raw_silver":7,"minecraft:coarse_dirt":4,"minecraft:crafting_table":10,"minecraft:chicken":3,"minecraft:chain":1,"immersive_aircraft:biplane":11,"minecraft:beef":3,"minecraft:cyan_wool":2,"minecraft:lectern":1,"minecraft:birch_sapling":11,"minecraft:egg":2,"minecraft:stripped_mangrove_wood":5,"minecraft:raw_iron":65,"minecraft:sandstone":54,"minecraft:oak_door":2,"minecraft:copper_ingot":1,"minecraft:redstone":96,"minecraft:dark_oak_planks":13,"minecraft:arrow":23,"minecraft:peony":25,"minecraft:pink_tulip":35,"minecraft:saddle":1,"minecraft:white_wool":10,"minecraft:bone_block":146,"minecraft:oxeye_daisy":22,"minecraft:leather":2,"minecraft:packed_mud":4,"alexscaves:limestone":90,"minecraft:oak_log":281,"minecraft:yellow_bed":9,"minecraft:gunpowder":5,"alexscaves:ambersol":2,"tombstone:gift":1,"minecraft:white_banner":4,"alexscaves:amber":34,"minecraft:apple":9,"minecraft:iron_ingot":1,"minecraft:dripstone_block":1,"minecraft:gravel":6,"mores:ruby_gem":1,"minecraft:spider_eye":1,"mores:sapphire_gem":2,"minecraft:red_nether_brick_slab":1,"tombstone:magic_scroll":4,"minecraft:coal":127},"minecraft:crafted":{"immersive_aircraft:engine":1,"minecraft:smooth_stone":4,"minecraft:oak_planks":796,"minecraft:stone":4,"minecraft:iron_boots":1,"tombstone:grave_key":1,"mores:tin_ingot":52,"mores:tourmaline_axe":1,"immersive_aircraft:hull":3,"minecraft:chest":7,"minecraft:oak_fence":63,"mores:silver_ingot":6,"minecraft:wooden_shovel":1,"mores:tourmaline_chestplate":1,"mores:tin_chestplate":1,"mores:tourmaline_boots":1,"minecraft:crafting_table":4,"mores:cobalt_pickaxe":2,"minecraft:wooden_pickaxe":1,"minecraft:iron_helmet":1,"mores:tin_helmet":1,"minecraft:copper_ingot":76,"immersive_aircraft:propeller":1,"minecraft:iron_chestplate":1,"minecraft:shield":1,"minecraft:stick":152,"minecraft:iron_ingot":38,"mores:tourmaline_helmet":1,"minecraft:oak_door":3,"mores:tin_pickaxe":2,"minecraft:coal":81,"minecraft:furnace":4,"minecraft:blast_furnace":1,"immersive_aircraft:biplane":1,"minecraft:piston":2,"mores:topaz_pickaxe":1,"mores:ruby_dagger":1,"minecraft:iron_axe":1,"minecraft:stone_pickaxe":3,"mores:tourmaline_leggings":2,"minecraft:cooked_beef":3,"minecraft:coal_block":8,"mores:topaz_sword":1,"immersive_aircraft:boiler":1,"mores:cobalt_ingot":7,"minecraft:stone_axe":1,"mores:tin_leggings":1,"minecraft:air":0,"minecraft:oak_fence_gate":2,"minecraft:oak_boat":1,"mores:tin_boots":1,"mores:tourmaline_shovel":1,"minecraft:wooden_axe":1,"minecraft:torch":400},"minecraft:killed":{"minecraft:spider":7,"minecraft:skeleton":18,"minecraft:chicken":3,"minecraft:zombie_villager":1,"minecraft:creeper":3,"minecraft:pillager":2,"minecraft:zombie":22,"minecraft:cow":1,"minecraft:horse":1,"minecraft:husk":9,"minecraft:enderman":1},"minecraft:mined":{"minecraft:red_nether_brick_slab":1,"minecraft:dark_oak_planks":14,"minecraft:sculk_vein":1,"alexscaves:limestone":91,"minecraft:granite":24,"minecraft:grass_block":1022,"minecraft:coal_block":2,"minecraft:oxeye_daisy":4,"minecraft:spawner":4,"minecraft:smooth_stone":10,"mores:deepslate_tourmaline_ore":46,"minecraft:sculk_catalyst":3,"minecraft:dark_oak_trapdoor":2,"minecraft:iron_ore":49,"minecraft:cobbled_deepslate":12,"minecraft:fire":2,"minecraft:sculk_shrieker":1,"minecraft:pointed_dripstone":4,"mores:deepslate_sapphire_ore":2,"minecraft:water_cauldron":1,"minecraft:dirt_path":1,"alexscaves:ambersol":2,"minecraft:pink_tulip":11,"minecraft:stripped_mangrove_wood":5,"minecraft:spruce_slab":1,"minecraft:deepslate_redstone_ore":11,"alexscaves:amber":43,"mores:deepslate_anthracite_ore":5,"minecraft:torch":6,"minecraft:calcite":8,"minecraft:cobblestone":26,"minecraft:oak_planks":57,"minecraft:wall_torch":9,"minecraft:pink_petals":2,"minecraft:seagrass":1,"minecraft:chain":1,"minecraft:cyan_wool":8,"minecraft:repeater":2,"minecraft:birch_log":36,"minecraft:orange_tulip":8,"minecraft:grass":18,"minecraft:oak_log":298,"minecraft:dirt":440,"mores:silver_ore":7,"mores:deepslate_topaz_ore":21,"minecraft:oak_leaves":31,"minecraft:deepslate":309,"minecraft:tuff":38,"minecraft:mossy_cobblestone":2,"minecraft:deepslate_diamond_ore":18,"minecraft:oak_door":2,"minecraft:glow_lichen":1,"minecraft:dark_oak_fence":8,"minecraft:spruce_fence":1,"minecraft:redstone_wire":28,"minecraft:moss_block":1,"minecraft:sandstone":55,"minecraft:large_fern":1,"minecraft:redstone_ore":4,"minecraft:furnace":3,"minecraft:packed_mud":4,"minecraft:andesite":13,"minecraft:peony":29,"minecraft:deepslate_iron_ore":16,"minecraft:smooth_quartz_stairs":1,"minecraft:stone":631,"minecraft:white_tulip":17,"minecraft:bone_block":149,"minecraft:glass_pane":1,"mores:cobalt_ore":7,"minecraft:oak_fence":14,"minecraft:crafting_table":10,"alexscaves:flytrap":1,"minecraft:rose_bush":1,"minecraft:sculk_sensor":4,"minecraft:lectern":2,"minecraft:copper_ore":35,"minecraft:lapis_ore":10,"minecraft:sculk":28,"mores:tin_ore":15,"minecraft:diorite":22,"minecraft:spruce_stairs":1,"minecraft:coarse_dirt":3,"mores:deepslate_ruby_ore":1,"minecraft:birch_leaves":1,"minecraft:white_wall_banner":2,"minecraft:yellow_bed":9,"minecraft:mangrove_slab":1,"minecraft:coal_ore":116,"minecraft:gravel":26,"minecraft:dripstone_block":1,"minecraft:mossy_stone_bricks":1},"minecraft:dropped":{"minecraft:orange_tulip":3,"minecraft:dirt":16,"minecraft:dark_oak_trapdoor":1,"minecraft:chain":1,"mores:tourmaline_leggings":1,"minecraft:dark_oak_planks":4,"minecraft:mangrove_slab":1,"minecraft:bone":4,"minecraft:goat_horn":1,"minecraft:cobbled_deepslate":5,"minecraft:rotten_flesh":11,"minecraft:oak_planks":1,"mores:sterling_leggings":1,"minecraft:egg":1,"minecraft:iron_helmet":1,"minecraft:cobblestone":5,"minecraft:diorite":6,"tombstone:grave_key":1,"tombstone:grave_dust":4,"minecraft:white_banner":2,"minecraft:smooth_stone":1,"minecraft:string":4,"minecraft:pink_petals":1,"minecraft:coarse_dirt":3,"minecraft:tuff":5,"minecraft:iron_boots":1,"minecraft:iron_chestplate":1,"mores:topaz_sword":1,"minecraft:bow":1},"minecraft:killed_by":{"minecraft:creeper":4,"minecraft:pillager":1,"minecraft:drowned":5,"minecraft:witch":1,"minecraft:zombie":3,"minecraft:husk":7,"minecraft:spider":1,"alexscaves:vallumraptor":2,"minecraft:skeleton":4},"minecraft:custom":{"minecraft:interact_with_crafting_table":80,"minecraft:open_barrel":10,"minecraft:bell_ring":1,"minecraft:eat_cake_slice":7,"minecraft:leave_game":24,"minecraft:time_since_death":49513,"minecraft:sprint_one_cm":707773,"minecraft:damage_blocked_by_shield":1680,"minecraft:drop":49,"minecraft:talked_to_villager":9,"minecraft:play_time":422059,"minecraft:deaths":37,"minecraft:jump":4141,"minecraft:walk_on_water_one_cm":66738,"minecraft:interact_with_furnace":83,"minecraft:sleep_in_bed":16,"minecraft:waystone_activated":5,"tombstone:sneak_grave":1,"minecraft:damage_dealt":14911,"minecraft:crouch_one_cm":15996,"tombstone:undead_killed":50,"minecraft:horse_one_cm":3220,"minecraft:mob_kills":71,"minecraft:interact_with_anvil":1,"minecraft:climb_one_cm":13124,"minecraft:walk_one_cm":1166497,"minecraft:sneak_time":7385,"minecraft:walk_under_water_one_cm":89845,"minecraft:total_world_time":422059,"tombstone:raider_killed":2,"minecraft:interact_with_grindstone":1,"minecraft:interact_with_stonecutter":1,"minecraft:time_since_rest":780,"minecraft:damage_taken":13751,"minecraft:damage_absorbed":10,"minecraft:swim_one_cm":95171,"minecraft:fly_one_cm":456717,"minecraft:open_chest":169,"minecraft:fish_caught":1,"minecraft:fall_one_cm":99585}},"DataVersion":3465}