{"stats":{"minecraft:used":{"minecraft:dispenser":4,"minecraft:ladder":17,"minecraft:bone_block":7,"mores:tin_pickaxe":89,"minecraft:chest":91,"minecraft:shield":40,"mores:tin_helmet":1,"mores:tourmaline_axe":1452,"alexscaves:ambersol":1,"minecraft:carrot":4,"mores:ruby_dagger":8,"minecraft:cyan_wool":2,"minecraft:obsidian":17,"minecraft:bow":8,"minecraft:oak_sapling":146,"minecraft:furnace":5,"minecraft:mangrove_slab":2,"immersive_aircraft:biplane":15,"minecraft:golden_boots":1,"minecraft:diorite":8,"minecraft:stone_pickaxe":415,"minecraft:oak_planks":1619,"minecraft:ender_pearl":1,"minecraft:wooden_pickaxe":9,"minecraft:sandstone":44,"minecraft:diamond_axe":428,"mores:topaz_pickaxe":400,"mores:tin_boots":1,"minecraft:golden_apple":1,"minecraft:stripped_mangrove_wood":5,"mores:tin_leggings":1,"waystones:waystone":10,"minecraft:bread":37,"minecraft:lectern":2,"tombstone:grave_key":1,"minecraft:gravel":6,"minecraft:andesite":7,"minecraft:oak_boat":2,"mores:tourmaline_helmet":1,"minecraft:coarse_dirt":1,"minecraft:oak_fence":100,"minecraft:oak_trapdoor":26,"minecraft:flint_and_steel":5,"minecraft:redstone":2,"minecraft:wooden_shovel":11,"mores:tourmaline_leggings":2,"minecraft:netherrack":1,"minecraft:oak_door":5,"mores:tourmaline_shovel":1517,"minecraft:torch":406,"minecraft:dirt":1062,"minecraft:hopper":14,"minecraft:spruce_stairs":1,"mores:tourmaline_chestplate":2,"alexscaves:limestone":78,"minecraft:granite":3,"minecraft:oak_fence_gate":6,"minecraft:dark_oak_planks":3,"minecraft:wooden_axe":8,"mores:steel_battleaxe":76,"minecraft:iron_axe":155,"minecraft:iron_boots":1,"minecraft:goat_horn":1,"tombstone:gift":11,"minecraft:cooked_beef":3,"minecraft:cobbled_deepslate":139,"minecraft:observer":8,"mores:topaz_hoe":98,"minecraft:water_bucket":17,"mores:tourmaline_boots":2,"minecraft:birch_planks":111,"mores:topaz_sword":7,"minecraft:red_nether_bricks":1,"mores:topaz_shield":9,"minecraft:birch_boat":8,"minecraft:cauldron":1,"minecraft:fletching_table":3,"minecraft:mossy_cobblestone":1,"minecraft:crafting_table":17,"minecraft:white_bed":3,"minecraft:cake":2,"mores:sterling_leggings":1,"minecraft:oak_log":1,"minecraft:diamond_pickaxe":832,"minecraft:apple":24,"minecraft:iron_pickaxe":498,"minecraft:map":1,"tombstone:magic_scroll":25,"mores:cobalt_pickaxe":691,"mores:chocolate":2,"mores:duck_egg":1,"minecraft:stone_axe":83,"mores:topaz_shovel":214,"minecraft:fishing_rod":1,"minecraft:cobblestone":399,"mores:tin_chestplate":1,"minecraft:bucket":17,"minecraft:pumpkin_pie":11,"minecraft:yellow_bed":11,"minecraft:smooth_stone":1},"minecraft:broken":{"mores:tourmaline_shovel":1,"mores:tin_helmet":1,"minecraft:stone_pickaxe":2,"mores:tourmaline_axe":1,"minecraft:stone_axe":1,"mores:cobalt_pickaxe":2,"minecraft:iron_axe":1,"minecraft:iron_pickaxe":2},"minecraft:picked_up":{"minecraft:nether_brick_fence":1,"minecraft:enchanted_book":1,"minecraft:dark_oak_trapdoor":1,"minecraft:string":9,"minecraft:raw_copper":176,"minecraft:red_nether_bricks":9,"mores:tourmaline_gem":46,"minecraft:pufferfish":1,"minecraft:cobbled_deepslate":217,"minecraft:smooth_stone":11,"minecraft:white_tulip":20,"minecraft:rose_bush":1,"minecraft:calcite":6,"minecraft:coal_block":5,"mores:topaz_sword":1,"minecraft:smooth_quartz_stairs":7,"alexscaves:flytrap":1,"minecraft:furnace":3,"minecraft:stick":165,"minecraft:birch_trapdoor":1,"minecraft:oak_fence":26,"minecraft:torch":60,"minecraft:spruce_stairs":1,"minecraft:lightning_rod":1,"mores:topaz_gem":43,"minecraft:pointed_dripstone":1,"tombstone:grave_dust":7,"minecraft:diorite":28,"minecraft:cauldron":4,"mores:raw_tin":76,"minecraft:rotten_flesh":53,"minecraft:obsidian":1,"minecraft:cobblestone":1457,"minecraft:birch_log":42,"minecraft:pink_petals":1,"minecraft:feather":3,"minecraft:repeater":2,"minecraft:andesite":12,"minecraft:potato":1,"minecraft:flint":2,"minecraft:tuff":5,"minecraft:lapis_lazuli":64,"minecraft:mangrove_slab":3,"minecraft:dirt":2087,"minecraft:bone":16,"minecraft:bow":2,"minecraft:orange_tulip":10,"minecraft:wheat_seeds":4,"minecraft:fletching_table":2,"minecraft:moss_block":1,"minecraft:oak_planks":195,"mores:tanzanite_gem":15,"mores:raw_cobalt":7,"minecraft:grass_block":1,"minecraft:mossy_cobblestone":2,"minecraft:bundle":1,"minecraft:dispenser":3,"minecraft:diamond":17,"waystones:waystone":10,"minecraft:granite":23,"minecraft:bone_meal":986,"minecraft:spruce_sign":1,"minecraft:netherrack":14,"minecraft:oak_sapling":265,"mores:raw_silver":8,"minecraft:crafting_table":12,"minecraft:coarse_dirt":4,"minecraft:chicken":3,"minecraft:ladder":9,"minecraft:chain":1,"minecraft:oak_trapdoor":7,"immersive_aircraft:biplane":14,"minecraft:cyan_carpet":1,"minecraft:beef":3,"minecraft:oak_boat":2,"minecraft:cyan_wool":2,"minecraft:player_head":1,"minecraft:observer":6,"minecraft:lectern":2,"minecraft:chest":11,"minecraft:birch_sapling":14,"minecraft:egg":2,"minecraft:raw_iron":65,"minecraft:sandstone":54,"minecraft:stripped_mangrove_wood":10,"minecraft:oak_door":2,"minecraft:copper_ingot":1,"minecraft:fire_charge":1,"minecraft:redstone":96,"minecraft:dark_oak_planks":13,"minecraft:arrow":26,"minecraft:peony":25,"minecraft:hay_block":8,"minecraft:pink_tulip":35,"tombstone:essence_of_undeath":1,"minecraft:saddle":1,"minecraft:white_wool":10,"minecraft:bone_block":201,"minecraft:oxeye_daisy":22,"minecraft:stripped_oak_log":4,"minecraft:leather":2,"minecraft:birch_planks":61,"minecraft:packed_mud":4,"alexscaves:limestone":90,"minecraft:oak_log":549,"minecraft:yellow_bed":12,"minecraft:gunpowder":6,"alexscaves:ambersol":2,"minecraft:white_banner":4,"tombstone:gift":2,"alexscaves:amber":34,"minecraft:apple":17,"minecraft:oak_fence_gate":1,"minecraft:iron_ingot":3,"minecraft:dark_oak_stairs":2,"minecraft:book":260,"minecraft:birch_boat":8,"minecraft:quartz":23,"minecraft:dripstone_block":1,"minecraft:gravel":6,"mores:ruby_gem":1,"minecraft:white_bed":3,"minecraft:spider_eye":1,"mores:sapphire_gem":2,"mores:anthracite":10,"minecraft:red_nether_brick_slab":1,"tombstone:magic_scroll":4,"minecraft:coal":145,"minecraft:hopper":7},"minecraft:crafted":{"immersive_aircraft:engine":1,"minecraft:oak_planks":2660,"minecraft:smooth_stone":4,"minecraft:birch_boat":1,"minecraft:stone":4,"minecraft:hopper":9,"minecraft:bow":1,"minecraft:iron_boots":1,"mores:tin_ingot":52,"tombstone:grave_key":1,"mores:tourmaline_axe":1,"immersive_aircraft:hull":3,"minecraft:chest":92,"minecraft:oak_fence":99,"minecraft:golden_boots":1,"mores:silver_ingot":6,"minecraft:wooden_shovel":1,"mores:tourmaline_chestplate":1,"mores:tin_chestplate":1,"minecraft:diamond_axe":1,"mores:tourmaline_boots":1,"minecraft:crafting_table":5,"mores:topaz_hoe":1,"mores:cobalt_pickaxe":2,"minecraft:iron_helmet":1,"minecraft:wooden_pickaxe":1,"mores:topaz_shovel":1,"mores:tin_helmet":1,"minecraft:copper_ingot":76,"minecraft:fletching_table":1,"minecraft:birch_planks":168,"immersive_aircraft:propeller":1,"minecraft:dispenser":1,"minecraft:iron_chestplate":1,"minecraft:diamond_pickaxe":1,"minecraft:shield":1,"minecraft:stick":204,"minecraft:iron_ingot":38,"mores:topaz_shield":1,"mores:tourmaline_helmet":1,"minecraft:oak_door":3,"mores:tin_pickaxe":2,"minecraft:coal":81,"minecraft:furnace":4,"minecraft:blast_furnace":1,"immersive_aircraft:biplane":1,"minecraft:piston":2,"minecraft:bone_meal":1240,"minecraft:oak_trapdoor":20,"mores:topaz_pickaxe":1,"mores:ruby_dagger":1,"minecraft:iron_axe":1,"minecraft:ladder":9,"minecraft:stone_pickaxe":3,"mores:tourmaline_leggings":2,"minecraft:observer":2,"minecraft:wheat":72,"minecraft:cooked_beef":3,"minecraft:coal_block":8,"mores:topaz_sword":1,"immersive_aircraft:boiler":1,"mores:cobalt_ingot":7,"minecraft:bucket":2,"minecraft:stone_axe":1,"mores:tin_leggings":1,"minecraft:air":0,"minecraft:oak_boat":2,"minecraft:oak_fence_gate":5,"mores:tin_boots":1,"mores:tourmaline_shovel":1,"minecraft:wooden_axe":1,"minecraft:torch":400},"minecraft:killed":{"minecraft:spider":8,"minecraft:skeleton":23,"minecraft:chicken":3,"minecraft:zombie_villager":1,"minecraft:creeper":4,"minecraft:pillager":2,"minecraft:zombie":46,"minecraft:cow":1,"minecraft:horse":1,"minecraft:husk":19,"minecraft:enderman":1},"minecraft:mined":{"minecraft:dark_oak_planks":15,"minecraft:red_nether_brick_slab":1,"minecraft:white_bed":3,"minecraft:oak_sapling":4,"minecraft:sculk_vein":1,"minecraft:red_nether_bricks":9,"mores:nether_anthracite_ore":11,"minecraft:obsidian":1,"alexscaves:limestone":91,"minecraft:spruce_trapdoor":1,"minecraft:granite":24,"minecraft:grass_block":1083,"minecraft:coal_block":5,"minecraft:hopper":6,"minecraft:oxeye_daisy":4,"minecraft:spawner":9,"minecraft:smooth_stone":10,"mores:deepslate_tourmaline_ore":46,"minecraft:sculk_catalyst":3,"minecraft:dark_oak_trapdoor":2,"mores:nether_tanzanite_ore":15,"minecraft:iron_ore":49,"minecraft:cobbled_deepslate":12,"minecraft:fire":4,"minecraft:fletching_table":2,"minecraft:dark_oak_stairs":2,"minecraft:sculk_shrieker":1,"minecraft:pointed_dripstone":4,"mores:deepslate_sapphire_ore":2,"minecraft:water_cauldron":4,"minecraft:dirt_path":1,"alexscaves:ambersol":2,"minecraft:pink_tulip":11,"minecraft:stripped_mangrove_wood":10,"minecraft:player_head":1,"minecraft:spruce_slab":1,"minecraft:deepslate_redstone_ore":11,"alexscaves:amber":43,"mores:deepslate_anthracite_ore":5,"minecraft:torch":14,"minecraft:calcite":14,"minecraft:chest":11,"minecraft:nether_quartz_ore":23,"minecraft:cobblestone":61,"minecraft:oak_planks":156,"minecraft:wall_torch":15,"minecraft:cauldron":1,"minecraft:pink_petals":2,"minecraft:seagrass":1,"minecraft:chain":1,"minecraft:cyan_wool":8,"minecraft:repeater":2,"minecraft:birch_log":42,"minecraft:birch_trapdoor":1,"minecraft:orange_tulip":8,"minecraft:grass":19,"minecraft:oak_log":1008,"minecraft:oak_fence_gate":1,"minecraft:loom":2,"minecraft:dirt":923,"mores:silver_ore":8,"minecraft:dispenser":3,"minecraft:netherrack":15,"mores:deepslate_topaz_ore":21,"minecraft:oak_leaves":62,"minecraft:deepslate":309,"minecraft:tuff":38,"minecraft:mossy_cobblestone":2,"minecraft:deepslate_diamond_ore":18,"minecraft:oak_door":2,"minecraft:glow_lichen":1,"minecraft:ladder":5,"minecraft:dark_oak_fence":8,"minecraft:spruce_fence":1,"minecraft:redstone_wire":29,"minecraft:moss_block":1,"minecraft:sandstone":55,"minecraft:large_fern":1,"minecraft:hay_block":8,"minecraft:redstone_ore":4,"minecraft:oak_trapdoor":7,"minecraft:furnace":3,"minecraft:packed_mud":4,"minecraft:andesite":13,"minecraft:peony":29,"minecraft:nether_brick_fence":1,"minecraft:bookshelf":87,"minecraft:deepslate_iron_ore":16,"minecraft:stripped_oak_log":11,"minecraft:smooth_quartz_stairs":8,"minecraft:stone":1413,"minecraft:white_tulip":17,"minecraft:bone_block":149,"minecraft:glass_pane":1,"mores:cobalt_ore":7,"minecraft:observer":6,"minecraft:oak_fence":24,"minecraft:crafting_table":12,"alexscaves:flytrap":1,"minecraft:rose_bush":1,"minecraft:sculk_sensor":4,"minecraft:lectern":3,"minecraft:lightning_rod":1,"minecraft:copper_ore":35,"minecraft:lapis_ore":10,"minecraft:sculk":28,"minecraft:diorite":24,"mores:tin_ore":20,"minecraft:spruce_stairs":1,"minecraft:birch_planks":90,"minecraft:coarse_dirt":3,"mores:deepslate_ruby_ore":1,"minecraft:birch_leaves":1,"minecraft:white_wall_banner":2,"minecraft:yellow_bed":12,"minecraft:mangrove_slab":3,"minecraft:coal_ore":134,"minecraft:gravel":26,"minecraft:cyan_carpet":1,"minecraft:dripstone_block":1,"minecraft:mossy_stone_bricks":1},"minecraft:dropped":{"minecraft:stripped_mangrove_wood":5,"minecraft:oak_log":44,"minecraft:orange_tulip":3,"minecraft:dirt":274,"minecraft:dark_oak_trapdoor":1,"minecraft:chain":1,"minecraft:bone_meal":276,"minecraft:bone_block":13,"mores:tourmaline_leggings":1,"minecraft:dark_oak_planks":4,"minecraft:mangrove_slab":1,"minecraft:cyan_carpet":1,"minecraft:gold_ingot":1,"minecraft:bone":5,"minecraft:goat_horn":1,"minecraft:cobbled_deepslate":5,"minecraft:rotten_flesh":15,"minecraft:oak_planks":91,"mores:sterling_leggings":1,"minecraft:hopper":1,"minecraft:quartz":1,"minecraft:netherrack":1,"minecraft:egg":1,"minecraft:iron_ingot":1,"minecraft:iron_helmet":1,"minecraft:cobblestone":187,"minecraft:stick":59,"minecraft:diorite":6,"tombstone:grave_key":1,"tombstone:grave_dust":4,"minecraft:white_banner":2,"minecraft:smooth_stone":1,"minecraft:string":4,"minecraft:pink_petals":1,"minecraft:coarse_dirt":3,"mores:raw_tin":9,"minecraft:tuff":5,"minecraft:iron_boots":1,"minecraft:stripped_oak_log":4,"minecraft:lightning_rod":1,"minecraft:bundle":1,"minecraft:iron_chestplate":1,"minecraft:oak_sapling":14,"mores:raw_silver":1,"minecraft:oak_boat":1,"mores:topaz_sword":1,"minecraft:bow":1,"minecraft:calcite":6},"minecraft:killed_by":{"minecraft:creeper":4,"minecraft:pillager":1,"minecraft:drowned":5,"minecraft:witch":1,"minecraft:zombie":5,"minecraft:husk":8,"minecraft:spider":1,"alexscaves:vallumraptor":2,"minecraft:skeleton":6},"minecraft:custom":{"minecraft:animals_bred":16,"minecraft:interact_with_crafting_table":137,"minecraft:open_barrel":37,"minecraft:bell_ring":1,"minecraft:eat_cake_slice":13,"minecraft:leave_game":27,"minecraft:time_since_death":22719,"minecraft:sprint_one_cm":1046764,"minecraft:damage_blocked_by_shield":2175,"minecraft:drop":137,"minecraft:talked_to_villager":35,"minecraft:play_time":669140,"minecraft:deaths":44,"minecraft:jump":5446,"minecraft:walk_on_water_one_cm":109020,"minecraft:interact_with_furnace":88,"minecraft:sleep_in_bed":20,"minecraft:waystone_activated":12,"tombstone:sneak_grave":1,"minecraft:damage_dealt":24755,"minecraft:crouch_one_cm":66211,"tombstone:undead_killed":89,"minecraft:inspect_dispenser":18,"minecraft:horse_one_cm":3220,"minecraft:mob_kills":112,"minecraft:interact_with_anvil":1,"minecraft:inspect_hopper":3,"minecraft:climb_one_cm":35977,"minecraft:walk_one_cm":2065115,"minecraft:sneak_time":24314,"minecraft:walk_under_water_one_cm":104454,"minecraft:total_world_time":669140,"tombstone:raider_killed":18,"minecraft:interact_with_grindstone":1,"minecraft:interact_with_stonecutter":1,"minecraft:time_since_rest":22527,"minecraft:damage_absorbed":10,"minecraft:damage_taken":15982,"minecraft:swim_one_cm":97290,"minecraft:fly_one_cm":565563,"minecraft:open_chest":332,"minecraft:fish_caught":1,"minecraft:fall_one_cm":117801}},"DataVersion":3465}