{"stats":{"minecraft:broken":{"mores:tin_helmet":1,"minecraft:stone_pickaxe":2,"mores:cobalt_pickaxe":1,"minecraft:stone_axe":1},"minecraft:mined":{"minecraft:dark_oak_planks":14,"minecraft:red_nether_brick_slab":1,"minecraft:mossy_cobblestone":2,"alexscaves:limestone":91,"minecraft:granite":18,"minecraft:dark_oak_fence":8,"minecraft:grass_block":9,"minecraft:spruce_fence":1,"minecraft:redstone_wire":28,"minecraft:coal_block":2,"minecraft:moss_block":1,"minecraft:sandstone":55,"minecraft:spawner":4,"minecraft:large_fern":1,"minecraft:smooth_stone":10,"minecraft:redstone_ore":4,"minecraft:packed_mud":4,"minecraft:furnace":2,"minecraft:dark_oak_trapdoor":2,"minecraft:iron_ore":43,"minecraft:andesite":13,"minecraft:pointed_dripstone":3,"minecraft:water_cauldron":1,"minecraft:deepslate_iron_ore":4,"alexscaves:ambersol":2,"minecraft:smooth_quartz_stairs":1,"minecraft:stripped_mangrove_wood":5,"minecraft:stone":433,"minecraft:bone_block":149,"minecraft:spruce_slab":1,"minecraft:deepslate_redstone_ore":2,"alexscaves:amber":43,"minecraft:glass_pane":1,"mores:cobalt_ore":7,"minecraft:crafting_table":4,"alexscaves:flytrap":1,"minecraft:calcite":8,"minecraft:rose_bush":1,"minecraft:lectern":2,"minecraft:cobblestone":14,"minecraft:copper_ore":31,"minecraft:lapis_ore":10,"minecraft:oak_planks":1,"mores:tin_ore":15,"minecraft:diorite":14,"minecraft:wall_torch":4,"minecraft:pink_petals":2,"minecraft:spruce_stairs":1,"minecraft:seagrass":1,"minecraft:cyan_wool":8,"minecraft:repeater":2,"minecraft:coarse_dirt":3,"minecraft:yellow_bed":7,"minecraft:white_wall_banner":2,"minecraft:grass":7,"minecraft:mangrove_slab":1,"minecraft:coal_ore":116,"minecraft:oak_log":46,"minecraft:gravel":7,"minecraft:dirt":22,"mores:silver_ore":4,"minecraft:mossy_stone_bricks":1,"minecraft:oak_leaves":6,"minecraft:deepslate":8},"minecraft:dropped":{"minecraft:dark_oak_trapdoor":1,"tombstone:grave_dust":3,"minecraft:white_banner":2,"minecraft:smooth_stone":1,"minecraft:dark_oak_planks":4,"minecraft:pink_petals":1,"minecraft:mangrove_slab":1,"minecraft:goat_horn":1,"minecraft:coarse_dirt":3,"minecraft:rotten_flesh":7,"minecraft:oak_planks":1},"minecraft:picked_up":{"minecraft:crafting_table":4,"minecraft:coarse_dirt":4,"minecraft:dark_oak_trapdoor":1,"minecraft:raw_copper":100,"minecraft:pufferfish":1,"minecraft:cobbled_deepslate":8,"minecraft:smooth_stone":11,"minecraft:beef":3,"minecraft:rose_bush":1,"minecraft:cyan_wool":2,"minecraft:lectern":1,"minecraft:coal_block":2,"alexscaves:flytrap":1,"minecraft:furnace":2,"minecraft:stripped_mangrove_wood":5,"minecraft:stick":7,"minecraft:raw_iron":47,"minecraft:sandstone":54,"minecraft:torch":6,"minecraft:spruce_stairs":1,"minecraft:pointed_dripstone":1,"tombstone:grave_dust":2,"minecraft:diorite":12,"minecraft:redstone":55,"minecraft:cauldron":1,"minecraft:dark_oak_planks":13,"mores:raw_tin":52,"minecraft:arrow":2,"minecraft:rotten_flesh":8,"minecraft:saddle":1,"minecraft:bone_block":146,"minecraft:cobblestone":435,"minecraft:pink_petals":1,"minecraft:repeater":2,"minecraft:andesite":12,"minecraft:leather":2,"minecraft:packed_mud":4,"alexscaves:limestone":90,"minecraft:flint":2,"minecraft:oak_log":42,"minecraft:yellow_bed":7,"alexscaves:ambersol":2,"minecraft:lapis_lazuli":64,"minecraft:mangrove_slab":1,"minecraft:dirt":31,"tombstone:gift":1,"minecraft:white_banner":4,"alexscaves:amber":34,"minecraft:bone":4,"minecraft:apple":1,"minecraft:bow":1,"minecraft:wheat_seeds":1,"minecraft:moss_block":1,"minecraft:oak_planks":1,"minecraft:gravel":6,"mores:raw_cobalt":7,"minecraft:mossy_cobblestone":2,"minecraft:granite":17,"minecraft:spruce_sign":1,"tombstone:magic_scroll":1,"minecraft:red_nether_brick_slab":1,"minecraft:oak_sapling":12,"mores:raw_silver":4,"minecraft:coal":116},"minecraft:used":{"minecraft:bone_block":7,"mores:tin_pickaxe":89,"minecraft:chest":3,"mores:tin_helmet":1,"minecraft:wooden_shovel":11,"minecraft:torch":57,"minecraft:dirt":23,"alexscaves:ambersol":1,"minecraft:spruce_stairs":1,"alexscaves:limestone":78,"minecraft:granite":3,"minecraft:cyan_wool":2,"minecraft:dark_oak_planks":3,"minecraft:wooden_axe":8,"minecraft:iron_axe":107,"minecraft:iron_boots":1,"minecraft:furnace":3,"minecraft:goat_horn":1,"tombstone:gift":5,"minecraft:cooked_beef":3,"minecraft:diorite":3,"minecraft:stone_pickaxe":415,"minecraft:wooden_pickaxe":9,"minecraft:sandstone":44,"minecraft:cauldron":1,"mores:tin_boots":1,"minecraft:golden_apple":1,"minecraft:stripped_mangrove_wood":5,"minecraft:crafting_table":8,"mores:tin_leggings":1,"minecraft:cake":1,"mores:sterling_leggings":1,"minecraft:apple":11,"minecraft:bread":13,"minecraft:map":1,"minecraft:lectern":1,"tombstone:magic_scroll":1,"mores:cobalt_pickaxe":669,"mores:duck_egg":1,"minecraft:gravel":6,"minecraft:stone_axe":83,"minecraft:fishing_rod":1,"minecraft:cobblestone":121,"mores:tin_chestplate":1,"minecraft:andesite":7,"minecraft:yellow_bed":7,"minecraft:coarse_dirt":1,"minecraft:smooth_stone":1},"minecraft:killed_by":{"minecraft:husk":7,"minecraft:pillager":1,"alexscaves:vallumraptor":2,"minecraft:drowned":5,"minecraft:skeleton":1,"minecraft:witch":1,"minecraft:zombie":1},"minecraft:crafted":{"minecraft:oak_planks":72,"mores:tin_pickaxe":2,"minecraft:furnace":1,"minecraft:iron_boots":1,"minecraft:iron_axe":1,"mores:tin_ingot":52,"immersive_aircraft:hull":3,"minecraft:stone_pickaxe":3,"minecraft:chest":3,"minecraft:cooked_beef":3,"minecraft:coal_block":8,"mores:silver_ingot":3,"minecraft:wooden_shovel":1,"mores:tin_chestplate":1,"minecraft:crafting_table":4,"mores:cobalt_ingot":6,"minecraft:iron_helmet":1,"mores:cobalt_pickaxe":2,"minecraft:wooden_pickaxe":1,"mores:tin_helmet":1,"minecraft:stone_axe":1,"mores:tin_leggings":1,"minecraft:air":0,"minecraft:iron_chestplate":1,"mores:tin_boots":1,"minecraft:shield":1,"minecraft:stick":48,"minecraft:iron_ingot":17,"minecraft:wooden_axe":1,"minecraft:torch":52},"minecraft:killed":{"minecraft:skeleton":3,"minecraft:horse":1,"minecraft:husk":9,"minecraft:pillager":2,"minecraft:cow":1},"minecraft:custom":{"minecraft:mob_kills":17,"minecraft:interact_with_anvil":1,"minecraft:interact_with_crafting_table":45,"minecraft:open_barrel":10,"minecraft:bell_ring":1,"minecraft:eat_cake_slice":7,"minecraft:leave_game":4,"minecraft:time_since_death":3338,"minecraft:climb_one_cm":13124,"minecraft:sprint_one_cm":284348,"minecraft:walk_one_cm":347952,"minecraft:drop":21,"minecraft:talked_to_villager":9,"minecraft:play_time":161375,"minecraft:deaths":20,"minecraft:sneak_time":2509,"minecraft:walk_under_water_one_cm":64998,"minecraft:jump":1717,"minecraft:walk_on_water_one_cm":37258,"minecraft:total_world_time":161375,"minecraft:interact_with_furnace":46,"tombstone:raider_killed":2,"minecraft:interact_with_grindstone":1,"minecraft:interact_with_stonecutter":1,"minecraft:sleep_in_bed":10,"minecraft:time_since_rest":2716,"minecraft:waystone_activated":1,"minecraft:damage_taken":7456,"minecraft:damage_absorbed":10,"tombstone:sneak_grave":1,"minecraft:damage_dealt":6172,"minecraft:swim_one_cm":92312,"minecraft:fly_one_cm":245414,"minecraft:open_chest":87,"minecraft:crouch_one_cm":4075,"tombstone:undead_killed":12,"minecraft:fish_caught":1,"minecraft:fall_one_cm":59325,"minecraft:horse_one_cm":3220}},"DataVersion":3465}