{"stats":{"minecraft:broken":{"mores:tourmaline_shovel":1,"minecraft:golden_boots":2,"mores:tin_helmet":1,"mores:topaz_shield":1,"minecraft:stone_pickaxe":2,"minecraft:diamond_pickaxe":1,"mores:tourmaline_axe":1,"minecraft:stone_axe":1,"mores:tourmaline_leggings":1,"mores:tourmaline_helmet":1,"mores:cobalt_pickaxe":2,"minecraft:iron_axe":1,"minecraft:iron_pickaxe":2},"minecraft:mined":{"minecraft:dark_oak_planks":19,"minecraft:red_nether_brick_slab":1,"minecraft:white_bed":8,"minecraft:oak_sapling":5,"minecraft:farmland":1,"minecraft:sculk_vein":1,"minecraft:red_nether_bricks":9,"mores:nether_anthracite_ore":11,"minecraft:brewing_stand":1,"minecraft:spruce_trapdoor":1,"minecraft:obsidian":2,"alexscaves:limestone":91,"minecraft:granite":32,"minecraft:grass_block":1088,"minecraft:cracked_polished_blackstone_bricks":27,"minecraft:coal_block":5,"minecraft:mud_bricks":5,"minecraft:composter":3,"minecraft:hopper":6,"minecraft:oxeye_daisy":4,"minecraft:gilded_blackstone":1,"minecraft:spawner":9,"minecraft:smooth_stone":10,"minecraft:polished_blackstone_bricks":63,"minecraft:magma_block":4,"mores:deepslate_tourmaline_ore":53,"minecraft:sculk_catalyst":3,"minecraft:dark_oak_trapdoor":2,"mores:nether_tanzanite_ore":16,"minecraft:iron_ore":287,"minecraft:barrel":1,"minecraft:cobbled_deepslate":12,"minecraft:fire":15,"minecraft:fletching_table":18,"minecraft:dark_oak_stairs":3,"minecraft:sculk_shrieker":1,"minecraft:pointed_dripstone":4,"mores:deepslate_sapphire_ore":2,"minecraft:water_cauldron":4,"minecraft:dirt_path":7,"alexscaves:ambersol":2,"minecraft:pink_tulip":11,"minecraft:stripped_mangrove_wood":10,"minecraft:player_head":1,"minecraft:spruce_slab":1,"minecraft:deepslate_redstone_ore":14,"alexscaves:amber":43,"minecraft:blackstone":13,"mores:deepslate_anthracite_ore":10,"minecraft:torch":19,"minecraft:note_block":3,"minecraft:calcite":14,"minecraft:chest":12,"minecraft:nether_quartz_ore":176,"mores:anthracite_ore":1,"minecraft:cobblestone":78,"minecraft:cyan_bed":1,"minecraft:oak_planks":176,"minecraft:wall_torch":18,"minecraft:cauldron":3,"minecraft:deepslate_copper_ore":1,"minecraft:pink_petals":2,"minecraft:seagrass":1,"minecraft:chain":1,"minecraft:cyan_wool":8,"minecraft:repeater":2,"minecraft:dark_oak_slab":1,"minecraft:light_gray_stained_glass":2,"minecraft:birch_log":157,"minecraft:wheat":79,"minecraft:birch_trapdoor":1,"minecraft:orange_tulip":8,"minecraft:grass":20,"minecraft:oak_log":1434,"minecraft:oak_fence_gate":2,"minecraft:loom":2,"minecraft:dirt":943,"mores:silver_ore":8,"minecraft:smooth_basalt":5,"minecraft:tripwire_hook":1,"minecraft:dispenser":3,"minecraft:stonecutter":1,"minecraft:netherrack":815,"mores:deepslate_topaz_ore":25,"minecraft:oak_leaves":66,"minecraft:deepslate":399,"minecraft:nether_gold_ore":27,"minecraft:tuff":54,"minecraft:mossy_cobblestone":2,"minecraft:deepslate_diamond_ore":18,"minecraft:oak_door":3,"minecraft:stripped_birch_log":1,"minecraft:cyan_stained_glass":3,"minecraft:glow_lichen":1,"minecraft:dark_oak_fence":8,"minecraft:ladder":6,"minecraft:spruce_fence":1,"minecraft:redstone_wire":29,"minecraft:birch_slab":1,"minecraft:moss_block":1,"minecraft:sandstone":55,"minecraft:large_fern":1,"minecraft:hay_block":8,"minecraft:redstone_ore":4,"minecraft:oak_trapdoor":12,"minecraft:packed_mud":6,"minecraft:furnace":3,"minecraft:carrots":43,"minecraft:andesite":22,"minecraft:peony":29,"minecraft:gold_block":2,"minecraft:nether_brick_fence":1,"minecraft:bookshelf":90,"minecraft:deepslate_iron_ore":96,"minecraft:stripped_oak_log":13,"minecraft:smooth_quartz_stairs":16,"minecraft:white_tulip":17,"minecraft:stone":1680,"minecraft:bone_block":149,"minecraft:oak_slab":1,"minecraft:glass_pane":1,"mores:cobalt_ore":7,"minecraft:soul_sand":9,"minecraft:basalt":18,"minecraft:observer":6,"minecraft:oak_fence":25,"minecraft:crafting_table":13,"alexscaves:flytrap":1,"minecraft:blackstone_slab":1,"minecraft:rose_bush":1,"minecraft:sculk_sensor":4,"minecraft:lectern":10,"minecraft:lightning_rod":1,"minecraft:copper_ore":38,"minecraft:deepslate_gold_ore":6,"minecraft:lapis_ore":10,"minecraft:sculk":28,"minecraft:diorite":36,"mores:tin_ore":20,"minecraft:spruce_stairs":1,"minecraft:birch_planks":105,"minecraft:lime_bed":2,"minecraft:coarse_dirt":3,"mores:deepslate_ruby_ore":1,"minecraft:birch_leaves":1,"minecraft:white_wall_banner":2,"minecraft:yellow_bed":12,"minecraft:mangrove_slab":3,"minecraft:coal_ore":301,"minecraft:cyan_carpet":1,"minecraft:gravel":60,"minecraft:dripstone_block":1,"minecraft:stone_bricks":2,"minecraft:mossy_stone_bricks":1},"minecraft:dropped":{"minecraft:stripped_mangrove_wood":5,"minecraft:oak_log":55,"minecraft:orange_tulip":3,"minecraft:dirt":276,"tombstone:bag_of_seeds":1,"minecraft:dark_oak_trapdoor":1,"minecraft:chain":1,"minecraft:bone_meal":276,"minecraft:bone_block":13,"minecraft:polished_blackstone_bricks":9,"mores:tourmaline_leggings":1,"minecraft:dark_oak_planks":7,"minecraft:mangrove_slab":1,"minecraft:cyan_carpet":1,"minecraft:cauldron":2,"minecraft:gold_ingot":37,"minecraft:bone":8,"minecraft:gravel":55,"minecraft:goat_horn":1,"minecraft:blackstone":8,"minecraft:cobbled_deepslate":55,"minecraft:rotten_flesh":29,"minecraft:oak_planks":119,"minecraft:carrot":1,"mores:sterling_leggings":1,"minecraft:leather_chestplate":2,"minecraft:lime_bed":1,"minecraft:hopper":1,"minecraft:chest":1,"minecraft:quartz":1,"minecraft:netherrack":490,"minecraft:egg":1,"minecraft:iron_ingot":1,"minecraft:bread":1,"minecraft:golden_helmet":1,"minecraft:cobblestone":187,"minecraft:iron_helmet":1,"minecraft:granite":8,"minecraft:stick":65,"minecraft:diorite":10,"tombstone:grave_key":1,"tombstone:grave_dust":9,"minecraft:white_banner":2,"minecraft:smooth_stone":1,"minecraft:string":14,"minecraft:pink_petals":1,"minecraft:oak_trapdoor":1,"minecraft:coarse_dirt":3,"minecraft:dark_oak_sign":1,"mores:raw_tin":9,"minecraft:tuff":9,"minecraft:composter":2,"minecraft:iron_boots":1,"minecraft:stripped_oak_log":4,"minecraft:lightning_rod":1,"minecraft:potato":1,"minecraft:bundle":2,"minecraft:diamond_pickaxe":1,"minecraft:iron_chestplate":1,"minecraft:andesite":9,"mores:raw_silver":1,"minecraft:oak_boat":1,"minecraft:oak_sapling":65,"tombstone:essence_of_undeath":1,"mores:topaz_sword":1,"mores:cobalt_nugget":6,"minecraft:bow":1,"minecraft:calcite":6,"minecraft:magma_block":1},"minecraft:picked_up":{"minecraft:wheat":57,"minecraft:nether_brick_fence":1,"minecraft:gilded_blackstone":1,"minecraft:potion":1,"minecraft:enchanted_book":1,"minecraft:nether_brick":11,"minecraft:brewing_stand":1,"minecraft:string":26,"minecraft:dark_oak_trapdoor":1,"minecraft:raw_copper":195,"minecraft:red_nether_bricks":9,"mores:tourmaline_gem":53,"minecraft:pufferfish":1,"minecraft:smooth_stone":11,"minecraft:gold_nugget":104,"minecraft:cobbled_deepslate":301,"minecraft:white_tulip":20,"minecraft:rose_bush":1,"minecraft:calcite":6,"minecraft:coal_block":5,"mores:topaz_sword":1,"minecraft:smooth_quartz_stairs":15,"alexscaves:flytrap":1,"minecraft:iron_boots":1,"minecraft:furnace":3,"minecraft:stick":174,"minecraft:composter":3,"minecraft:birch_trapdoor":1,"minecraft:oak_fence":27,"minecraft:torch":127,"minecraft:spruce_stairs":1,"minecraft:golden_axe":1,"minecraft:lightning_rod":1,"mores:topaz_gem":47,"minecraft:pointed_dripstone":1,"tombstone:grave_dust":24,"minecraft:diorite":40,"minecraft:cauldron":6,"mores:raw_tin":76,"minecraft:rotten_flesh":137,"minecraft:obsidian":7,"minecraft:cobblestone":1724,"minecraft:birch_log":65,"minecraft:pink_petals":1,"minecraft:magma_block":1,"minecraft:leather_chestplate":2,"minecraft:cooked_beef":12,"minecraft:feather":3,"minecraft:repeater":2,"minecraft:birch_slab":1,"minecraft:andesite":22,"minecraft:potato":3,"minecraft:flint":2,"minecraft:tuff":15,"minecraft:lapis_lazuli":64,"minecraft:mangrove_slab":3,"minecraft:dirt":2131,"minecraft:bone":41,"minecraft:bow":7,"minecraft:wheat_seeds":111,"minecraft:orange_tulip":10,"minecraft:raw_gold":6,"minecraft:dark_oak_sign":2,"minecraft:fletching_table":18,"minecraft:moss_block":1,"minecraft:oak_planks":267,"mores:tanzanite_gem":16,"mores:raw_cobalt":7,"minecraft:grass_block":1,"minecraft:cyan_bed":1,"minecraft:spectral_arrow":8,"minecraft:mossy_cobblestone":2,"minecraft:bundle":2,"minecraft:dispenser":3,"minecraft:diamond":17,"waystones:waystone":26,"minecraft:cracked_polished_blackstone_bricks":9,"minecraft:crossbow":1,"minecraft:granite":31,"minecraft:bone_meal":986,"minecraft:spruce_sign":1,"minecraft:emerald":1,"minecraft:oak_sapling":295,"mores:raw_silver":8,"minecraft:netherrack":766,"minecraft:diamond_pickaxe":1,"minecraft:coarse_dirt":4,"minecraft:crafting_table":13,"minecraft:nether_wart":4,"minecraft:chicken":3,"minecraft:ladder":10,"minecraft:gold_block":2,"minecraft:chain":1,"minecraft:oak_trapdoor":13,"immersive_aircraft:biplane":19,"minecraft:blackstone":48,"minecraft:cyan_carpet":1,"minecraft:beef":9,"minecraft:oak_boat":2,"minecraft:player_head":1,"minecraft:cyan_wool":2,"minecraft:observer":6,"minecraft:iron_nugget":31,"minecraft:poppy":1,"minecraft:light_gray_wool":15,"minecraft:lectern":9,"minecraft:chest":12,"minecraft:birch_sapling":24,"minecraft:egg":2,"minecraft:raw_iron":382,"minecraft:sandstone":54,"minecraft:stripped_mangrove_wood":10,"minecraft:oak_door":3,"minecraft:copper_ingot":1,"minecraft:note_block":2,"minecraft:fire_charge":3,"minecraft:polished_blackstone_bricks":56,"minecraft:carrot":88,"minecraft:redstone":110,"minecraft:dark_oak_planks":20,"minecraft:arrow":52,"minecraft:peony":25,"minecraft:hay_block":8,"minecraft:pink_tulip":35,"tombstone:essence_of_undeath":3,"minecraft:saddle":1,"minecraft:gold_ingot":6,"minecraft:bone_block":201,"minecraft:white_wool":16,"minecraft:oxeye_daisy":22,"minecraft:stripped_oak_log":4,"minecraft:lime_bed":3,"minecraft:basalt":15,"minecraft:mud_bricks":5,"minecraft:tripwire_hook":1,"minecraft:blackstone_slab":1,"minecraft:leather":17,"minecraft:birch_planks":76,"minecraft:packed_mud":6,"alexscaves:limestone":90,"minecraft:oak_log":587,"minecraft:yellow_bed":12,"minecraft:gunpowder":10,"alexscaves:ambersol":2,"minecraft:white_banner":4,"tombstone:gift":2,"alexscaves:amber":34,"minecraft:cooked_mutton":39,"minecraft:apple":18,"minecraft:stone_bricks":2,"minecraft:iron_ingot":4,"minecraft:oak_fence_gate":2,"minecraft:cobweb":2,"tombstone:bag_of_seeds":1,"minecraft:iron_sword":1,"minecraft:soul_sand":22,"minecraft:dark_oak_stairs":3,"minecraft:book":269,"minecraft:smooth_basalt":5,"minecraft:oak_slab":1,"minecraft:dark_oak_slab":1,"minecraft:birch_boat":23,"minecraft:quartz":185,"minecraft:dripstone_block":1,"minecraft:gravel":109,"mores:ruby_gem":1,"minecraft:red_banner":1,"minecraft:white_bed":8,"minecraft:spider_eye":9,"mores:sapphire_gem":2,"mores:anthracite":16,"minecraft:gray_wool":3,"minecraft:red_nether_brick_slab":1,"tombstone:magic_scroll":8,"minecraft:black_wool":1,"minecraft:coal":312,"minecraft:hopper":7,"minecraft:ender_pearl":2},"minecraft:used":{"minecraft:dispenser":4,"minecraft:ladder":18,"minecraft:poppy":1,"minecraft:bone_block":7,"mores:tin_pickaxe":89,"minecraft:shield":40,"minecraft:chest":98,"minecraft:stone":7,"minecraft:zombie_spawn_egg":10,"mores:tin_helmet":1,"minecraft:soul_sand":2,"mores:tourmaline_axe":1452,"alexscaves:ambersol":1,"minecraft:jungle_planks":1,"minecraft:carrot":113,"minecraft:tuff":6,"mores:ruby_dagger":8,"minecraft:cyan_wool":2,"minecraft:obsidian":17,"minecraft:villager_spawn_egg":7,"minecraft:lava_bucket":1,"tombstone:tablet_of_cupidity":4,"minecraft:birch_sapling":18,"minecraft:packed_mud":2,"minecraft:quartz_block":10,"minecraft:stone_bricks":1,"minecraft:bow":11,"minecraft:oak_sapling":218,"minecraft:furnace":7,"minecraft:mangrove_slab":2,"minecraft:egg":1,"immersive_aircraft:biplane":19,"minecraft:golden_boots":2,"minecraft:diorite":8,"minecraft:stone_pickaxe":415,"minecraft:blackstone":10,"minecraft:oak_planks":1666,"minecraft:ender_pearl":1,"minecraft:wooden_pickaxe":9,"minecraft:sandstone":44,"minecraft:composter":1,"minecraft:diamond_axe":1292,"mores:topaz_pickaxe":400,"minecraft:smooth_quartz_stairs":15,"mores:tin_boots":1,"alexscaves:darkened_apple":1,"minecraft:golden_apple":5,"minecraft:stripped_mangrove_wood":5,"mores:tin_leggings":1,"waystones:waystone":27,"mores:topaz_chestplate":1,"minecraft:birch_slab":2,"minecraft:bread":64,"minecraft:cyan_bed":1,"minecraft:lectern":15,"tombstone:grave_key":2,"minecraft:gravel":9,"minecraft:blackstone_slab":1,"minecraft:diamond_sword":306,"minecraft:andesite":8,"mores:tourmaline_helmet":1,"minecraft:oak_boat":2,"minecraft:coarse_dirt":1,"minecraft:oak_fence":100,"minecraft:oak_trapdoor":29,"minecraft:flint_and_steel":5,"minecraft:redstone":2,"minecraft:wooden_shovel":11,"mores:tourmaline_leggings":2,"minecraft:netherrack":177,"minecraft:oak_door":7,"mores:tourmaline_shovel":1517,"minecraft:torch":752,"minecraft:dirt":1102,"minecraft:anvil":1,"minecraft:hopper":14,"minecraft:spruce_stairs":1,"minecraft:diamond_helmet":1,"mores:tourmaline_chestplate":2,"alexscaves:limestone":78,"minecraft:granite":3,"minecraft:oak_fence_gate":6,"minecraft:dark_oak_planks":4,"minecraft:wooden_axe":8,"mores:steel_battleaxe":209,"minecraft:iron_axe":155,"minecraft:iron_boots":1,"minecraft:mud_bricks":3,"minecraft:basalt":12,"minecraft:goat_horn":1,"tombstone:gift":11,"minecraft:cooked_beef":3,"minecraft:cobbled_deepslate":141,"minecraft:observer":8,"minecraft:golden_axe":2,"minecraft:cooked_mutton":28,"minecraft:wheat_seeds":127,"mores:topaz_hoe":104,"minecraft:water_bucket":17,"tombstone:scroll_of_knowledge":1,"mores:tourmaline_boots":3,"minecraft:birch_planks":136,"minecraft:red_nether_bricks":1,"mores:topaz_sword":7,"mores:topaz_shield":95,"mores:turquoise_shovel":7,"minecraft:birch_boat":24,"minecraft:cauldron":1,"minecraft:fletching_table":24,"minecraft:gilded_blackstone":5,"minecraft:polished_blackstone_bricks":47,"minecraft:mossy_cobblestone":1,"minecraft:lime_bed":1,"minecraft:crafting_table":18,"minecraft:oak_slab":1,"minecraft:white_bed":8,"mores:tanzanite_leggings":1,"minecraft:cake":2,"mores:sterling_leggings":1,"minecraft:oak_log":1,"minecraft:diamond_pickaxe":2947,"minecraft:apple":33,"minecraft:cracked_polished_blackstone_bricks":3,"minecraft:iron_pickaxe":498,"minecraft:map":1,"mores:chocolate":2,"mores:cobalt_pickaxe":691,"tombstone:magic_scroll":25,"mores:duck_egg":1,"minecraft:stone_axe":83,"mores:topaz_shovel":252,"minecraft:fishing_rod":1,"minecraft:cobblestone":515,"mores:tin_chestplate":1,"minecraft:bucket":17,"minecraft:pumpkin_pie":11,"minecraft:yellow_bed":11,"minecraft:splash_potion":11,"minecraft:smooth_stone":1},"minecraft:killed_by":{"minecraft:piglin_brute":4,"minecraft:zombified_piglin":2,"minecraft:creeper":5,"minecraft:pillager":3,"minecraft:drowned":6,"minecraft:vindicator":1,"minecraft:witch":1,"minecraft:zombie":11,"minecraft:husk":8,"minecraft:spider":2,"minecraft:enderman":2,"alexscaves:vallumraptor":2,"takesapillage:skirmisher":2,"minecraft:skeleton":8},"minecraft:crafted":{"immersive_aircraft:engine":1,"minecraft:smooth_stone":4,"minecraft:oak_planks":5472,"minecraft:birch_boat":1,"minecraft:birch_slab":6,"minecraft:stone":4,"minecraft:bookshelf":8,"minecraft:quartz_block":45,"minecraft:hopper":9,"minecraft:diamond_helmet":1,"minecraft:bow":1,"minecraft:iron_boots":1,"mores:tin_ingot":52,"tombstone:grave_key":2,"mores:tourmaline_axe":1,"immersive_aircraft:hull":3,"minecraft:chest":96,"minecraft:oak_fence":99,"minecraft:golden_boots":2,"mores:silver_ingot":6,"minecraft:oak_slab":18,"minecraft:wooden_shovel":1,"minecraft:emerald":279,"mores:tourmaline_chestplate":1,"mores:tin_chestplate":1,"minecraft:diamond_axe":1,"minecraft:crafting_table":6,"mores:tourmaline_boots":1,"mores:topaz_hoe":1,"mores:cobalt_pickaxe":2,"minecraft:iron_helmet":1,"minecraft:wooden_pickaxe":1,"mores:topaz_shovel":1,"mores:tin_helmet":1,"minecraft:copper_ingot":93,"minecraft:fletching_table":7,"minecraft:birch_planks":620,"immersive_aircraft:propeller":1,"minecraft:dispenser":1,"minecraft:lectern":6,"minecraft:dark_oak_slab":6,"minecraft:iron_chestplate":1,"minecraft:diamond_pickaxe":2,"minecraft:emerald_block":8,"minecraft:shield":1,"minecraft:stick":6680,"minecraft:iron_ingot":135,"mores:topaz_shield":1,"minecraft:iron_block":11,"minecraft:gold_ingot":11,"minecraft:light_gray_dye":42,"mores:tourmaline_helmet":1,"minecraft:oak_door":6,"minecraft:coal":81,"mores:tin_pickaxe":2,"minecraft:iron_nugget":1,"minecraft:furnace":6,"minecraft:blast_furnace":1,"immersive_aircraft:biplane":1,"minecraft:piston":2,"minecraft:bone_meal":1294,"minecraft:pink_dye":85,"mores:topaz_chestplate":1,"minecraft:oak_trapdoor":22,"mores:topaz_pickaxe":1,"mores:ruby_dagger":1,"minecraft:iron_axe":1,"minecraft:ladder":9,"minecraft:stone_pickaxe":3,"mores:tourmaline_leggings":2,"minecraft:observer":2,"minecraft:wheat":72,"minecraft:cooked_beef":7,"minecraft:coal_block":8,"mores:topaz_sword":1,"minecraft:diamond_sword":1,"immersive_aircraft:boiler":1,"mores:cobalt_ingot":7,"minecraft:bucket":2,"minecraft:stone_axe":1,"mores:tin_leggings":1,"minecraft:orange_dye":7,"minecraft:enchanted_book":9,"minecraft:air":0,"mores:tanzanite_leggings":1,"minecraft:oak_boat":2,"minecraft:oak_fence_gate":5,"mores:tin_boots":1,"mores:tourmaline_shovel":1,"minecraft:flint":20,"minecraft:wooden_axe":1,"minecraft:anvil":1,"minecraft:torch":636},"minecraft:killed":{"minecraft:zombified_piglin":7,"minecraft:spider":26,"minecraft:skeleton":45,"minecraft:chicken":3,"minecraft:piglin_brute":5,"minecraft:piglin":16,"minecraft:zombie_villager":3,"minecraft:creeper":6,"minecraft:sheep":19,"minecraft:pillager":5,"minecraft:zombie":120,"minecraft:cow":10,"takesapillage:legioner":1,"minecraft:vindicator":2,"minecraft:horse":1,"minecraft:drowned":1,"minecraft:husk":19,"takesapillage:skirmisher":2,"minecraft:villager":7,"minecraft:enderman":3},"minecraft:custom":{"minecraft:animals_bred":41,"minecraft:interact_with_crafting_table":194,"minecraft:open_barrel":109,"minecraft:bell_ring":1,"minecraft:eat_cake_slice":20,"minecraft:leave_game":35,"minecraft:time_since_death":11369,"minecraft:sprint_one_cm":1749661,"minecraft:damage_blocked_by_shield":6135,"minecraft:drop":310,"minecraft:play_noteblock":3,"minecraft:talked_to_villager":467,"minecraft:play_time":1089435,"minecraft:deaths":74,"minecraft:jump":9009,"minecraft:walk_on_water_one_cm":165558,"minecraft:interact_with_furnace":131,"minecraft:traded_with_villager":218,"minecraft:sleep_in_bed":28,"minecraft:waystone_activated":30,"tombstone:sneak_grave":1,"minecraft:damage_dealt":59825,"minecraft:crouch_one_cm":81302,"tombstone:undead_killed":195,"tombstone:villager_killed":7,"minecraft:inspect_dispenser":26,"minecraft:horse_one_cm":3220,"minecraft:interact_with_anvil":8,"minecraft:mob_kills":321,"minecraft:inspect_hopper":3,"minecraft:climb_one_cm":55975,"minecraft:walk_one_cm":3370860,"minecraft:sneak_time":34040,"minecraft:walk_under_water_one_cm":150213,"minecraft:total_world_time":1089435,"tombstone:raider_killed":28,"minecraft:interact_with_grindstone":1,"minecraft:interact_with_stonecutter":1,"minecraft:time_since_rest":10339,"minecraft:damage_absorbed":90,"minecraft:damage_taken":28161,"minecraft:swim_one_cm":114073,"minecraft:fly_one_cm":1044668,"minecraft:open_chest":814,"minecraft:fish_caught":1,"minecraft:fall_one_cm":178301}},"DataVersion":3465}