{"stats":{"minecraft:used":{"minecraft:bone_block":7,"mores:tin_pickaxe":89,"minecraft:chest":5,"minecraft:shield":40,"minecraft:wooden_shovel":11,"mores:tin_helmet":1,"mores:tourmaline_leggings":1,"minecraft:torch":345,"minecraft:dirt":31,"mores:tourmaline_axe":67,"alexscaves:ambersol":1,"minecraft:spruce_stairs":1,"mores:tourmaline_chestplate":1,"alexscaves:limestone":78,"mores:ruby_dagger":8,"minecraft:cyan_wool":2,"minecraft:granite":3,"minecraft:dark_oak_planks":3,"minecraft:wooden_axe":8,"mores:steel_battleaxe":14,"minecraft:iron_axe":155,"minecraft:iron_boots":1,"minecraft:bow":5,"minecraft:goat_horn":1,"minecraft:furnace":5,"tombstone:gift":6,"immersive_aircraft:biplane":9,"minecraft:cooked_beef":3,"minecraft:cobbled_deepslate":139,"minecraft:diorite":8,"mores:tourmaline_boots":1,"minecraft:cauldron":1,"minecraft:stone_pickaxe":415,"minecraft:wooden_pickaxe":9,"mores:topaz_sword":7,"minecraft:ender_pearl":1,"minecraft:sandstone":44,"mores:topaz_pickaxe":400,"minecraft:stripped_mangrove_wood":5,"minecraft:golden_apple":1,"mores:tin_boots":1,"minecraft:mossy_cobblestone":1,"minecraft:crafting_table":10,"mores:tin_leggings":1,"minecraft:cake":1,"mores:sterling_leggings":1,"minecraft:apple":11,"minecraft:bread":37,"minecraft:iron_pickaxe":249,"minecraft:map":1,"minecraft:lectern":1,"tombstone:magic_scroll":25,"mores:cobalt_pickaxe":691,"mores:chocolate":2,"tombstone:grave_key":1,"mores:duck_egg":1,"minecraft:gravel":6,"minecraft:stone_axe":83,"minecraft:fishing_rod":1,"minecraft:cobblestone":294,"mores:tin_chestplate":1,"minecraft:andesite":7,"minecraft:yellow_bed":7,"mores:tourmaline_helmet":1,"minecraft:coarse_dirt":1,"minecraft:smooth_stone":1},"minecraft:broken":{"mores:tin_helmet":1,"minecraft:stone_pickaxe":2,"mores:cobalt_pickaxe":2,"minecraft:iron_axe":1,"minecraft:stone_axe":1,"minecraft:iron_pickaxe":1},"minecraft:picked_up":{"minecraft:crafting_table":7,"minecraft:coarse_dirt":4,"minecraft:chain":1,"minecraft:string":6,"minecraft:dark_oak_trapdoor":1,"minecraft:raw_copper":163,"immersive_aircraft:biplane":8,"mores:tourmaline_gem":46,"minecraft:pufferfish":1,"minecraft:smooth_stone":11,"minecraft:cobbled_deepslate":217,"minecraft:beef":3,"minecraft:rose_bush":1,"minecraft:cyan_wool":2,"minecraft:lectern":1,"minecraft:coal_block":2,"mores:topaz_sword":1,"alexscaves:flytrap":1,"minecraft:furnace":3,"minecraft:stick":7,"minecraft:raw_iron":65,"minecraft:sandstone":54,"minecraft:stripped_mangrove_wood":5,"minecraft:copper_ingot":1,"minecraft:torch":38,"minecraft:spruce_stairs":1,"mores:topaz_gem":30,"minecraft:pointed_dripstone":1,"tombstone:grave_dust":3,"minecraft:diorite":26,"minecraft:redstone":96,"minecraft:cauldron":1,"minecraft:dark_oak_planks":13,"mores:raw_tin":52,"minecraft:arrow":20,"minecraft:rotten_flesh":16,"minecraft:saddle":1,"minecraft:bone_block":146,"minecraft:white_wool":10,"minecraft:cobblestone":551,"minecraft:pink_petals":1,"minecraft:repeater":2,"minecraft:andesite":12,"minecraft:leather":2,"minecraft:packed_mud":4,"alexscaves:limestone":90,"minecraft:flint":2,"minecraft:tuff":5,"minecraft:oak_log":42,"minecraft:yellow_bed":7,"minecraft:gunpowder":5,"alexscaves:ambersol":2,"minecraft:lapis_lazuli":64,"minecraft:mangrove_slab":1,"minecraft:dirt":55,"minecraft:white_banner":4,"tombstone:gift":1,"alexscaves:amber":34,"minecraft:bone":8,"minecraft:apple":1,"minecraft:bow":2,"minecraft:wheat_seeds":1,"minecraft:iron_ingot":1,"minecraft:moss_block":1,"minecraft:oak_planks":41,"minecraft:dripstone_block":1,"minecraft:gravel":6,"mores:ruby_gem":1,"mores:raw_cobalt":7,"minecraft:spider_eye":1,"minecraft:mossy_cobblestone":2,"mores:sapphire_gem":2,"minecraft:diamond":17,"waystones:waystone":1,"minecraft:granite":23,"minecraft:spruce_sign":1,"minecraft:red_nether_brick_slab":1,"tombstone:magic_scroll":4,"minecraft:oak_sapling":12,"mores:raw_silver":7,"minecraft:coal":127},"minecraft:crafted":{"mores:tourmaline_helmet":1,"immersive_aircraft:engine":1,"minecraft:smooth_stone":4,"minecraft:oak_planks":96,"minecraft:coal":81,"mores:tin_pickaxe":2,"minecraft:furnace":4,"minecraft:blast_furnace":1,"immersive_aircraft:biplane":1,"minecraft:piston":2,"minecraft:stone":4,"mores:topaz_pickaxe":1,"minecraft:iron_boots":1,"mores:ruby_dagger":1,"mores:tin_ingot":52,"minecraft:iron_axe":1,"tombstone:grave_key":1,"mores:tourmaline_axe":1,"immersive_aircraft:hull":3,"minecraft:stone_pickaxe":3,"minecraft:chest":5,"mores:tourmaline_leggings":2,"minecraft:cooked_beef":3,"minecraft:coal_block":8,"mores:silver_ingot":3,"mores:topaz_sword":1,"minecraft:wooden_shovel":1,"immersive_aircraft:boiler":1,"mores:tourmaline_chestplate":1,"mores:tin_chestplate":1,"minecraft:crafting_table":4,"mores:tourmaline_boots":1,"mores:cobalt_ingot":7,"minecraft:iron_helmet":1,"mores:cobalt_pickaxe":2,"minecraft:wooden_pickaxe":1,"mores:tin_helmet":1,"minecraft:copper_ingot":76,"minecraft:stone_axe":1,"mores:tin_leggings":1,"immersive_aircraft:propeller":1,"minecraft:air":0,"minecraft:oak_boat":1,"minecraft:iron_chestplate":1,"mores:tin_boots":1,"minecraft:shield":1,"minecraft:stick":120,"minecraft:iron_ingot":38,"minecraft:wooden_axe":1,"minecraft:torch":316},"minecraft:killed":{"minecraft:spider":6,"minecraft:skeleton":16,"minecraft:horse":1,"minecraft:husk":9,"minecraft:zombie_villager":1,"minecraft:creeper":2,"minecraft:pillager":2,"minecraft:zombie":15,"minecraft:cow":1},"minecraft:mined":{"minecraft:dark_oak_planks":14,"minecraft:tuff":38,"minecraft:mossy_cobblestone":2,"minecraft:deepslate_diamond_ore":18,"minecraft:sculk_vein":1,"alexscaves:limestone":91,"minecraft:glow_lichen":1,"minecraft:dark_oak_fence":8,"minecraft:granite":24,"minecraft:spruce_fence":1,"minecraft:grass_block":11,"minecraft:redstone_wire":28,"minecraft:coal_block":2,"minecraft:moss_block":1,"minecraft:sandstone":55,"minecraft:spawner":4,"minecraft:large_fern":1,"minecraft:smooth_stone":10,"minecraft:redstone_ore":4,"minecraft:packed_mud":4,"mores:deepslate_tourmaline_ore":46,"minecraft:furnace":3,"minecraft:sculk_catalyst":3,"minecraft:dark_oak_trapdoor":2,"minecraft:iron_ore":49,"minecraft:fire":2,"minecraft:cobbled_deepslate":12,"minecraft:andesite":13,"minecraft:sculk_shrieker":1,"minecraft:pointed_dripstone":4,"mores:deepslate_sapphire_ore":2,"minecraft:deepslate_iron_ore":16,"minecraft:water_cauldron":1,"alexscaves:ambersol":2,"minecraft:smooth_quartz_stairs":1,"minecraft:stripped_mangrove_wood":5,"minecraft:stone":535,"minecraft:bone_block":149,"minecraft:spruce_slab":1,"minecraft:deepslate_redstone_ore":11,"mores:cobalt_ore":7,"minecraft:glass_pane":1,"alexscaves:amber":43,"mores:deepslate_anthracite_ore":5,"alexscaves:flytrap":1,"minecraft:crafting_table":7,"minecraft:torch":6,"minecraft:calcite":8,"minecraft:rose_bush":1,"minecraft:sculk_sensor":4,"minecraft:lectern":2,"minecraft:copper_ore":31,"minecraft:cobblestone":26,"minecraft:lapis_ore":10,"minecraft:oak_planks":5,"minecraft:sculk":28,"minecraft:diorite":22,"mores:tin_ore":15,"minecraft:wall_torch":7,"minecraft:pink_petals":2,"minecraft:spruce_stairs":1,"minecraft:seagrass":1,"minecraft:cyan_wool":8,"minecraft:chain":1,"minecraft:repeater":2,"minecraft:coarse_dirt":3,"mores:deepslate_ruby_ore":1,"minecraft:white_wall_banner":2,"minecraft:yellow_bed":7,"minecraft:grass":7,"minecraft:mangrove_slab":1,"minecraft:coal_ore":116,"minecraft:oak_log":54,"minecraft:gravel":26,"minecraft:dirt":33,"minecraft:dripstone_block":1,"mores:silver_ore":7,"minecraft:mossy_stone_bricks":1,"mores:deepslate_topaz_ore":21,"minecraft:oak_leaves":7,"minecraft:deepslate":309,"minecraft:red_nether_brick_slab":1},"minecraft:dropped":{"minecraft:cobblestone":5,"minecraft:iron_helmet":1,"minecraft:dirt":16,"minecraft:diorite":6,"tombstone:grave_key":1,"minecraft:dark_oak_trapdoor":1,"tombstone:grave_dust":4,"minecraft:chain":1,"minecraft:white_banner":2,"mores:tourmaline_leggings":1,"minecraft:smooth_stone":1,"minecraft:string":4,"minecraft:dark_oak_planks":4,"minecraft:pink_petals":1,"minecraft:mangrove_slab":1,"minecraft:bone":4,"minecraft:goat_horn":1,"minecraft:coarse_dirt":3,"minecraft:cobbled_deepslate":5,"minecraft:tuff":5,"minecraft:rotten_flesh":11,"minecraft:oak_planks":1,"minecraft:iron_boots":1,"mores:sterling_leggings":1,"minecraft:iron_chestplate":1,"mores:topaz_sword":1,"minecraft:bow":1},"minecraft:killed_by":{"minecraft:husk":7,"minecraft:creeper":3,"minecraft:spider":1,"minecraft:pillager":1,"alexscaves:vallumraptor":2,"minecraft:drowned":5,"minecraft:skeleton":4,"minecraft:witch":1,"minecraft:zombie":2},"minecraft:custom":{"minecraft:interact_with_anvil":1,"minecraft:mob_kills":56,"minecraft:interact_with_crafting_table":74,"minecraft:open_barrel":10,"minecraft:bell_ring":1,"minecraft:eat_cake_slice":7,"minecraft:leave_game":11,"minecraft:time_since_death":1035,"minecraft:climb_one_cm":13124,"minecraft:sprint_one_cm":597017,"minecraft:walk_one_cm":662130,"minecraft:damage_blocked_by_shield":1680,"minecraft:drop":47,"minecraft:talked_to_villager":9,"minecraft:play_time":318015,"minecraft:sneak_time":5650,"minecraft:deaths":33,"minecraft:walk_under_water_one_cm":78604,"minecraft:jump":3613,"minecraft:walk_on_water_one_cm":63209,"minecraft:total_world_time":318015,"minecraft:interact_with_furnace":79,"tombstone:raider_killed":2,"minecraft:interact_with_stonecutter":1,"minecraft:interact_with_grindstone":1,"minecraft:sleep_in_bed":11,"minecraft:time_since_rest":533,"minecraft:waystone_activated":2,"minecraft:damage_taken":12464,"minecraft:damage_absorbed":10,"tombstone:sneak_grave":1,"minecraft:damage_dealt":12626,"minecraft:swim_one_cm":93364,"minecraft:fly_one_cm":430558,"minecraft:open_chest":132,"minecraft:crouch_one_cm":11044,"tombstone:undead_killed":41,"minecraft:fish_caught":1,"minecraft:fall_one_cm":90016,"minecraft:horse_one_cm":3220}},"DataVersion":3465}