{"stats":{"minecraft:broken":{"minecraft:stone_pickaxe":2},"minecraft:mined":{"minecraft:mossy_cobblestone":1,"minecraft:crafting_table":2,"minecraft:grass_block":6,"minecraft:redstone_wire":28,"minecraft:copper_ore":4,"minecraft:diorite":1,"mores:tin_ore":8,"minecraft:sandstone":1,"minecraft:seagrass":1,"minecraft:smooth_stone":9,"minecraft:repeater":2,"minecraft:furnace":1,"minecraft:iron_ore":2,"minecraft:andesite":1,"minecraft:yellow_bed":3,"minecraft:grass":2,"minecraft:coal_ore":58,"minecraft:oak_log":9,"minecraft:gravel":5,"minecraft:dirt":9,"mores:silver_ore":3,"minecraft:stone":127,"minecraft:bone_block":149,"minecraft:mossy_stone_bricks":1,"minecraft:oak_leaves":4},"minecraft:dropped":{"tombstone:grave_dust":1},"minecraft:picked_up":{"minecraft:crafting_table":2,"minecraft:repeater":2,"minecraft:leather":1,"minecraft:flint":2,"minecraft:oak_log":9,"minecraft:yellow_bed":3,"minecraft:dirt":15,"minecraft:raw_copper":12,"minecraft:pufferfish":1,"minecraft:bone":2,"minecraft:apple":1,"minecraft:wheat_seeds":1,"minecraft:smooth_stone":9,"minecraft:beef":3,"minecraft:furnace":1,"minecraft:raw_iron":2,"minecraft:stick":6,"minecraft:sandstone":1,"minecraft:gravel":4,"minecraft:diorite":1,"minecraft:redstone":28,"minecraft:mossy_cobblestone":1,"mores:raw_tin":33,"minecraft:oak_sapling":8,"mores:raw_silver":3,"minecraft:coal":58,"minecraft:bone_block":146,"minecraft:cobblestone":117},"minecraft:used":{"minecraft:stone_pickaxe":342,"minecraft:bone_block":5,"mores:tin_pickaxe":55,"minecraft:chest":1,"minecraft:wooden_pickaxe":9,"mores:tin_helmet":1,"minecraft:wooden_shovel":11,"mores:tin_boots":1,"minecraft:torch":2,"minecraft:dirt":11,"minecraft:crafting_table":4,"mores:tin_leggings":1,"minecraft:wooden_axe":8,"minecraft:apple":11,"minecraft:map":1,"minecraft:gravel":4,"minecraft:stone_axe":7,"minecraft:fishing_rod":1,"minecraft:cobblestone":2,"mores:tin_chestplate":1,"minecraft:furnace":1,"tombstone:gift":4,"minecraft:yellow_bed":2,"minecraft:smooth_stone":1},"minecraft:killed_by":{"minecraft:zombie":1,"minecraft:drowned":5},"minecraft:crafted":{"minecraft:cooked_beef":3,"minecraft:oak_planks":36,"minecraft:wooden_shovel":1,"mores:tin_pickaxe":2,"mores:tin_chestplate":1,"minecraft:crafting_table":3,"minecraft:wooden_pickaxe":1,"mores:tin_helmet":1,"minecraft:stone_axe":1,"mores:tin_leggings":1,"minecraft:air":0,"mores:tin_boots":1,"mores:tin_ingot":33,"minecraft:stick":16,"minecraft:stone_pickaxe":3,"minecraft:wooden_axe":1,"minecraft:chest":1,"minecraft:torch":16},"minecraft:killed":{"minecraft:skeleton":1,"minecraft:cow":1},"minecraft:custom":{"minecraft:interact_with_furnace":19,"minecraft:mob_kills":2,"minecraft:interact_with_crafting_table":20,"minecraft:interact_with_stonecutter":1,"minecraft:leave_game":1,"minecraft:time_since_death":35566,"minecraft:sleep_in_bed":4,"minecraft:climb_one_cm":4874,"minecraft:time_since_rest":6884,"minecraft:sprint_one_cm":73828,"minecraft:damage_taken":1955,"minecraft:walk_one_cm":82390,"tombstone:sneak_grave":1,"minecraft:drop":1,"minecraft:damage_dealt":367,"minecraft:talked_to_villager":2,"minecraft:swim_one_cm":60386,"minecraft:fly_one_cm":48505,"minecraft:open_chest":30,"minecraft:crouch_one_cm":901,"minecraft:play_time":49377,"tombstone:undead_killed":1,"minecraft:deaths":6,"minecraft:sneak_time":572,"minecraft:walk_under_water_one_cm":18981,"minecraft:jump":375,"minecraft:walk_on_water_one_cm":16740,"minecraft:total_world_time":49377,"minecraft:fish_caught":1,"minecraft:fall_one_cm":7527}},"DataVersion":3465}