{"stats":{"minecraft:broken":{"mores:tourmaline_shovel":1,"minecraft:golden_boots":2,"minecraft:diamond_helmet":1,"mores:tin_helmet":1,"mores:topaz_shield":1,"minecraft:diamond_pickaxe":1,"mores:tourmaline_helmet":1,"mores:tourmaline_boots":1,"mores:cobalt_pickaxe":2,"minecraft:iron_axe":1,"minecraft:iron_pickaxe":2,"minecraft:stone_pickaxe":2,"mores:tourmaline_axe":1,"minecraft:stone_axe":1,"mores:topaz_chestplate":1,"mores:tourmaline_leggings":1},"minecraft:mined":{"minecraft:dark_oak_planks":19,"minecraft:red_nether_brick_slab":1,"minecraft:white_bed":8,"minecraft:red_nether_bricks":9,"alexscaves:limestone":91,"minecraft:obsidian":2,"minecraft:granite":32,"minecraft:coal_block":5,"minecraft:hopper":6,"minecraft:oxeye_daisy":4,"minecraft:spawner":17,"minecraft:polished_blackstone_bricks":63,"minecraft:magma_block":4,"mores:deepslate_tourmaline_ore":53,"mores:nether_tanzanite_ore":16,"minecraft:dark_oak_trapdoor":2,"minecraft:fire":15,"minecraft:cobbled_deepslate":12,"minecraft:barrel":1,"minecraft:fletching_table":18,"minecraft:sculk_shrieker":1,"mores:deepslate_sapphire_ore":2,"minecraft:water_cauldron":4,"minecraft:dirt_path":7,"minecraft:quartz_slab":19,"minecraft:pink_tulip":11,"minecraft:stripped_mangrove_wood":10,"minecraft:player_head":1,"alexscaves:amber":43,"mores:deepslate_anthracite_ore":10,"minecraft:note_block":3,"minecraft:torch":19,"minecraft:cyan_bed":1,"minecraft:cyan_wool":8,"minecraft:chain":1,"minecraft:repeater":2,"minecraft:light_gray_stained_glass":2,"minecraft:wheat":79,"minecraft:black_bed":1,"minecraft:stone_brick_stairs":2,"minecraft:grass":20,"minecraft:oak_fence_gate":2,"minecraft:loom":2,"mores:silver_ore":8,"minecraft:smooth_basalt":5,"minecraft:stonecutter":1,"minecraft:deepslate":399,"minecraft:mossy_cobblestone":2,"minecraft:stripped_birch_log":1,"minecraft:cyan_stained_glass":3,"minecraft:dark_oak_fence":8,"minecraft:spruce_fence":1,"minecraft:jungle_planks":11,"minecraft:redstone_wire":56,"minecraft:moss_block":1,"minecraft:redstone_ore":4,"minecraft:packed_mud":6,"minecraft:andesite":22,"minecraft:smooth_quartz_stairs":16,"minecraft:bone_block":367,"minecraft:oak_slab":1,"minecraft:glass_pane":1,"minecraft:soul_sand":9,"minecraft:observer":6,"alexscaves:flytrap":1,"minecraft:lightning_rod":1,"minecraft:copper_ore":38,"minecraft:deepslate_gold_ore":6,"mores:tin_ore":20,"minecraft:diorite":36,"minecraft:coarse_dirt":3,"minecraft:spruce_log":15,"minecraft:birch_leaves":1,"minecraft:gravel":60,"minecraft:dripstone_block":1,"minecraft:stone_bricks":4,"minecraft:spruce_planks":8,"minecraft:oak_sapling":5,"minecraft:farmland":1,"minecraft:jungle_slab":1,"minecraft:sculk_vein":1,"mores:nether_anthracite_ore":11,"minecraft:brewing_stand":1,"minecraft:spruce_trapdoor":1,"minecraft:grass_block":1088,"minecraft:cracked_polished_blackstone_bricks":27,"minecraft:mud_bricks":5,"minecraft:composter":3,"minecraft:gilded_blackstone":1,"minecraft:smooth_stone":10,"minecraft:sculk_catalyst":3,"minecraft:iron_ore":300,"minecraft:dark_oak_stairs":3,"minecraft:pointed_dripstone":4,"alexscaves:ambersol":2,"minecraft:spruce_slab":1,"minecraft:deepslate_redstone_ore":14,"minecraft:blackstone":13,"minecraft:calcite":14,"minecraft:chest":12,"mores:anthracite_ore":3,"minecraft:nether_quartz_ore":176,"minecraft:cobblestone":81,"minecraft:oak_planks":179,"minecraft:wall_torch":18,"minecraft:cauldron":3,"minecraft:deepslate_copper_ore":1,"minecraft:pink_petals":2,"minecraft:seagrass":1,"minecraft:dark_oak_slab":1,"minecraft:birch_log":157,"minecraft:birch_trapdoor":1,"minecraft:orange_tulip":8,"minecraft:oak_log":1434,"minecraft:dirt":943,"minecraft:tripwire_hook":1,"minecraft:dispenser":3,"minecraft:netherrack":815,"mores:deepslate_topaz_ore":25,"minecraft:oak_leaves":66,"minecraft:nether_gold_ore":27,"minecraft:tuff":54,"minecraft:deepslate_diamond_ore":18,"minecraft:oak_door":3,"minecraft:glow_lichen":1,"minecraft:ladder":6,"minecraft:spruce_leaves":3,"minecraft:birch_slab":1,"minecraft:acacia_slab":1,"minecraft:sandstone":55,"minecraft:large_fern":1,"minecraft:hay_block":8,"minecraft:oak_trapdoor":12,"minecraft:furnace":3,"minecraft:carrots":43,"minecraft:peony":29,"minecraft:gold_block":2,"minecraft:nether_brick_fence":1,"minecraft:bookshelf":90,"minecraft:deepslate_iron_ore":96,"minecraft:stripped_oak_log":13,"minecraft:stone":1689,"minecraft:white_tulip":17,"minecraft:pink_terracotta":6,"mores:cobalt_ore":7,"minecraft:basalt":18,"minecraft:oak_fence":25,"minecraft:crafting_table":13,"minecraft:blackstone_slab":1,"minecraft:rose_bush":1,"minecraft:sculk_sensor":4,"minecraft:lectern":10,"minecraft:lapis_ore":10,"minecraft:sculk":28,"minecraft:spruce_stairs":1,"minecraft:birch_planks":105,"minecraft:lime_bed":2,"mores:deepslate_ruby_ore":1,"minecraft:white_wall_banner":2,"minecraft:yellow_bed":12,"minecraft:mangrove_slab":3,"minecraft:coal_ore":316,"minecraft:cyan_carpet":1,"minecraft:stripped_acacia_wood":9,"minecraft:mossy_stone_bricks":1},"minecraft:picked_up":{"minecraft:enchanted_book":1,"minecraft:brewing_stand":1,"minecraft:golden_sword":1,"minecraft:dark_oak_trapdoor":1,"minecraft:string":27,"minecraft:red_nether_bricks":9,"minecraft:pufferfish":1,"minecraft:cobbled_deepslate":301,"minecraft:gold_nugget":104,"minecraft:spruce_planks":21,"minecraft:coal_block":7,"minecraft:composter":3,"minecraft:golden_axe":1,"minecraft:lightning_rod":1,"mores:topaz_gem":47,"minecraft:golden_chestplate":2,"minecraft:cauldron":6,"minecraft:pink_terracotta":4,"mores:raw_tin":76,"minecraft:birch_log":65,"minecraft:magma_block":1,"minecraft:feather":3,"minecraft:cooked_beef":12,"minecraft:birch_slab":1,"minecraft:flint":2,"minecraft:mangrove_slab":3,"minecraft:dark_oak_sign":2,"minecraft:moss_block":1,"minecraft:stripped_acacia_wood":19,"minecraft:barrel":1,"minecraft:bundle":2,"minecraft:dispenser":3,"minecraft:granite":31,"minecraft:golden_horse_armor":3,"mores:raw_silver":8,"minecraft:diamond_pickaxe":1,"minecraft:crafting_table":13,"minecraft:coarse_dirt":4,"minecraft:nether_wart":4,"minecraft:flint_and_steel":2,"minecraft:netherite_scrap":2,"minecraft:beef":9,"minecraft:cyan_wool":2,"minecraft:iron_nugget":31,"minecraft:poppy":1,"minecraft:chest":13,"minecraft:birch_sapling":24,"minecraft:egg":2,"minecraft:sandstone":54,"minecraft:oak_door":3,"minecraft:fire_charge":3,"minecraft:carrot":101,"minecraft:redstone":138,"minecraft:peony":25,"minecraft:hay_block":8,"minecraft:gold_ingot":6,"tombstone:essence_of_undeath":3,"minecraft:white_wool":16,"minecraft:bone_block":416,"minecraft:oxeye_daisy":22,"minecraft:stripped_oak_log":4,"minecraft:lime_bed":3,"minecraft:mud_bricks":5,"minecraft:tripwire_hook":1,"minecraft:blackstone_slab":1,"minecraft:packed_mud":6,"minecraft:oak_log":587,"alexscaves:ambersol":2,"tombstone:gift":2,"minecraft:white_banner":7,"minecraft:stone_bricks":5,"minecraft:apple":18,"minecraft:oak_fence_gate":2,"minecraft:cobweb":2,"tombstone:bag_of_seeds":2,"minecraft:iron_sword":2,"minecraft:dark_oak_stairs":7,"minecraft:smooth_basalt":5,"minecraft:dark_oak_slab":1,"minecraft:gravel":109,"mores:ruby_gem":1,"minecraft:spruce_sapling":6,"minecraft:spruce_log":15,"mores:sapphire_gem":2,"minecraft:slime_ball":12,"mores:anthracite":18,"minecraft:gray_wool":3,"minecraft:red_nether_brick_slab":1,"minecraft:hopper":7,"minecraft:ender_pearl":2,"minecraft:wheat":57,"minecraft:nether_brick_fence":1,"minecraft:potion":2,"minecraft:gilded_blackstone":1,"minecraft:nether_brick":11,"minecraft:raw_copper":195,"mores:tourmaline_gem":53,"minecraft:smooth_stone":11,"minecraft:white_tulip":20,"minecraft:rose_bush":1,"minecraft:calcite":6,"mores:topaz_sword":1,"minecraft:smooth_quartz_stairs":15,"alexscaves:flytrap":1,"minecraft:iron_boots":1,"minecraft:furnace":3,"minecraft:stick":179,"minecraft:birch_trapdoor":1,"minecraft:oak_fence":28,"minecraft:torch":128,"minecraft:spruce_stairs":1,"minecraft:diorite":40,"tombstone:grave_dust":26,"minecraft:pointed_dripstone":1,"minecraft:rotten_flesh":150,"minecraft:obsidian":7,"minecraft:cobblestone":1737,"minecraft:pink_petals":1,"minecraft:leather_chestplate":2,"minecraft:repeater":2,"minecraft:andesite":23,"minecraft:black_bed":1,"mores:steel_horse_armor":1,"minecraft:potato":3,"minecraft:tuff":15,"minecraft:dirt":2131,"minecraft:lapis_lazuli":64,"minecraft:bone":57,"minecraft:bow":8,"minecraft:orange_tulip":10,"minecraft:wheat_seeds":111,"minecraft:raw_gold":6,"minecraft:fletching_table":18,"minecraft:oak_planks":287,"mores:tanzanite_gem":16,"minecraft:jungle_planks":7,"mores:raw_cobalt":7,"minecraft:cyan_bed":1,"minecraft:grass_block":1,"minecraft:spectral_arrow":8,"minecraft:mossy_cobblestone":2,"minecraft:diamond":17,"waystones:waystone":31,"minecraft:cracked_polished_blackstone_bricks":9,"minecraft:crossbow":1,"minecraft:bone_meal":986,"minecraft:golden_apple":6,"minecraft:spruce_sign":1,"minecraft:emerald":1,"minecraft:oak_sapling":295,"minecraft:netherrack":766,"minecraft:splash_potion":2,"minecraft:chicken":3,"minecraft:ladder":10,"minecraft:gold_block":2,"minecraft:chain":1,"minecraft:oak_trapdoor":13,"immersive_aircraft:biplane":23,"minecraft:quartz_slab":17,"minecraft:cyan_carpet":1,"minecraft:blackstone":48,"minecraft:observer":6,"minecraft:oak_boat":2,"minecraft:player_head":1,"minecraft:light_gray_wool":15,"minecraft:lectern":9,"minecraft:raw_iron":395,"minecraft:stripped_mangrove_wood":10,"minecraft:copper_ingot":1,"minecraft:note_block":2,"minecraft:polished_blackstone_bricks":56,"minecraft:dark_oak_planks":21,"minecraft:arrow":54,"minecraft:pink_tulip":35,"minecraft:saddle":1,"minecraft:basalt":15,"minecraft:dark_oak_button":1,"minecraft:golden_carrot":12,"minecraft:leather":17,"minecraft:birch_planks":76,"alexscaves:limestone":90,"minecraft:yellow_bed":12,"minecraft:gunpowder":16,"alexscaves:amber":34,"minecraft:cooked_mutton":39,"minecraft:iron_ingot":5,"minecraft:soul_sand":22,"minecraft:book":269,"minecraft:oak_slab":1,"mores:cobalt_apple":1,"minecraft:birch_boat":23,"minecraft:quartz":185,"minecraft:dripstone_block":1,"minecraft:red_banner":1,"minecraft:white_bed":8,"minecraft:spider_eye":11,"tombstone:magic_scroll":9,"minecraft:acacia_slab":1,"minecraft:black_wool":1,"minecraft:dark_oak_wood":2,"minecraft:coal":345},"minecraft:dropped":{"minecraft:iron_sword":1,"minecraft:stripped_mangrove_wood":5,"minecraft:orange_tulip":3,"minecraft:dirt":276,"minecraft:dark_oak_trapdoor":1,"minecraft:chain":1,"minecraft:bone_meal":276,"minecraft:bone_block":13,"minecraft:dark_oak_planks":7,"minecraft:mangrove_slab":1,"minecraft:cyan_carpet":1,"minecraft:bone":8,"minecraft:goat_horn":1,"minecraft:cobbled_deepslate":55,"minecraft:rotten_flesh":33,"minecraft:oak_planks":119,"mores:sterling_leggings":1,"minecraft:lime_bed":1,"minecraft:hopper":1,"minecraft:egg":1,"minecraft:iron_ingot":1,"minecraft:golden_horse_armor":2,"minecraft:oak_fence":1,"minecraft:iron_helmet":1,"minecraft:cobblestone":187,"minecraft:granite":8,"minecraft:white_banner":2,"minecraft:smooth_stone":1,"minecraft:string":14,"minecraft:dark_oak_sign":1,"mores:raw_tin":9,"minecraft:iron_boots":1,"minecraft:lightning_rod":1,"minecraft:potato":1,"minecraft:bundle":2,"minecraft:diamond_pickaxe":1,"minecraft:spider_eye":3,"mores:topaz_sword":1,"mores:cobalt_nugget":6,"minecraft:bow":1,"minecraft:magma_block":1,"minecraft:dark_oak_stairs":1,"minecraft:oak_log":55,"tombstone:bag_of_seeds":1,"minecraft:polished_blackstone_bricks":9,"mores:tourmaline_leggings":1,"minecraft:cauldron":2,"minecraft:gold_ingot":37,"minecraft:gravel":55,"minecraft:blackstone":8,"minecraft:carrot":1,"minecraft:leather_chestplate":2,"minecraft:chest":1,"minecraft:quartz":1,"minecraft:netherrack":490,"minecraft:bread":1,"minecraft:golden_helmet":1,"minecraft:stick":65,"minecraft:diorite":10,"tombstone:grave_key":1,"tombstone:grave_dust":9,"minecraft:pink_petals":1,"minecraft:smooth_basalt":5,"minecraft:oak_trapdoor":1,"minecraft:coarse_dirt":3,"minecraft:raw_copper":3,"minecraft:tuff":9,"minecraft:composter":2,"minecraft:stripped_oak_log":4,"minecraft:stripped_acacia_wood":10,"minecraft:iron_chestplate":1,"minecraft:andesite":9,"minecraft:oak_boat":1,"mores:raw_silver":1,"minecraft:oak_sapling":65,"tombstone:essence_of_undeath":1,"minecraft:calcite":6},"minecraft:used":{"minecraft:dispenser":4,"minecraft:poppy":1,"minecraft:ladder":18,"minecraft:chest":99,"minecraft:stone":7,"minecraft:soul_sand":2,"mores:tourmaline_axe":1452,"alexscaves:ambersol":1,"mores:ruby_dagger":8,"minecraft:lava_bucket":1,"minecraft:villager_spawn_egg":7,"minecraft:birch_sapling":18,"minecraft:quartz_block":10,"minecraft:bow":11,"minecraft:furnace":7,"minecraft:oak_sapling":218,"minecraft:mangrove_slab":2,"minecraft:egg":1,"immersive_aircraft:biplane":24,"minecraft:diorite":8,"minecraft:blackstone":10,"minecraft:wooden_pickaxe":9,"minecraft:composter":1,"minecraft:smooth_quartz_stairs":15,"minecraft:golden_apple":5,"minecraft:stripped_mangrove_wood":5,"mores:tin_leggings":1,"minecraft:birch_slab":2,"minecraft:lectern":15,"minecraft:diamond_sword":408,"minecraft:oak_boat":2,"mores:tourmaline_helmet":1,"minecraft:oak_trapdoor":29,"minecraft:stripped_acacia_wood":6,"minecraft:netherrack":177,"mores:tourmaline_shovel":1517,"minecraft:torch":762,"minecraft:anvil":1,"minecraft:oak_fence_gate":6,"mores:steel_battleaxe":209,"minecraft:iron_axe":155,"minecraft:mud_bricks":3,"minecraft:diamond_chestplate":1,"minecraft:basalt":12,"minecraft:goat_horn":1,"tombstone:gift":11,"minecraft:cobbled_deepslate":143,"minecraft:observer":8,"minecraft:golden_axe":2,"minecraft:wheat_seeds":127,"minecraft:water_bucket":17,"mores:tourmaline_boots":3,"minecraft:birch_planks":138,"minecraft:cauldron":1,"minecraft:fletching_table":24,"minecraft:polished_blackstone_bricks":47,"minecraft:gilded_blackstone":5,"minecraft:mossy_cobblestone":1,"minecraft:oak_slab":1,"minecraft:crafting_table":18,"minecraft:white_bed":8,"minecraft:cake":2,"mores:sterling_leggings":1,"minecraft:oak_log":1,"minecraft:diamond_pickaxe":3276,"minecraft:iron_pickaxe":498,"tombstone:magic_scroll":27,"mores:chocolate":2,"mores:topaz_shovel":252,"minecraft:cobblestone":528,"mores:tin_chestplate":1,"minecraft:bone_block":10,"mores:tin_pickaxe":89,"minecraft:shield":41,"minecraft:zombie_spawn_egg":10,"mores:tin_helmet":1,"minecraft:jungle_planks":8,"minecraft:carrot":113,"minecraft:tuff":6,"minecraft:cyan_wool":2,"minecraft:obsidian":17,"tombstone:tablet_of_cupidity":4,"minecraft:packed_mud":2,"minecraft:stone_bricks":1,"minecraft:golden_boots":2,"minecraft:stone_pickaxe":415,"minecraft:oak_planks":1668,"minecraft:ender_pearl":1,"minecraft:sandstone":44,"minecraft:diamond_axe":1345,"mores:topaz_pickaxe":400,"alexscaves:darkened_apple":1,"mores:tin_boots":1,"minecraft:black_bed":1,"waystones:waystone":31,"mores:topaz_chestplate":1,"minecraft:cyan_bed":1,"minecraft:bread":64,"tombstone:grave_key":4,"minecraft:gravel":9,"minecraft:blackstone_slab":1,"minecraft:andesite":9,"minecraft:coarse_dirt":1,"minecraft:oak_fence":100,"minecraft:flint_and_steel":5,"minecraft:redstone":2,"minecraft:spruce_planks":12,"minecraft:wooden_shovel":11,"mores:tourmaline_leggings":2,"minecraft:oak_door":7,"minecraft:dirt":1102,"minecraft:hopper":17,"minecraft:spruce_stairs":1,"minecraft:diamond_helmet":1,"mores:tourmaline_chestplate":2,"alexscaves:limestone":78,"mores:silver_apple":1,"minecraft:granite":3,"minecraft:wooden_axe":8,"minecraft:dark_oak_planks":4,"minecraft:iron_boots":1,"minecraft:golden_carrot":6,"minecraft:cooked_beef":5,"mores:obsidian_battleaxe":54,"minecraft:cooked_mutton":32,"mores:topaz_hoe":104,"tombstone:scroll_of_knowledge":1,"mores:topaz_sword":7,"mores:topaz_shield":113,"minecraft:red_nether_bricks":1,"minecraft:birch_boat":24,"mores:turquoise_shovel":7,"minecraft:lime_bed":1,"mores:tanzanite_leggings":1,"tombstone:bag_of_seeds":1,"minecraft:apple":33,"minecraft:cracked_polished_blackstone_bricks":3,"minecraft:map":1,"mores:cobalt_pickaxe":691,"mores:duck_egg":1,"minecraft:stone_axe":83,"minecraft:fishing_rod":1,"minecraft:bucket":17,"minecraft:yellow_bed":11,"minecraft:pumpkin_pie":12,"minecraft:smooth_stone":1,"minecraft:splash_potion":11},"minecraft:killed_by":{"minecraft:piglin_brute":4,"minecraft:pillager":3,"minecraft:vindicator":1,"minecraft:zombie":11,"minecraft:husk":8,"alexscaves:vallumraptor":2,"takesapillage:skirmisher":2,"minecraft:zombified_piglin":2,"minecraft:wither_skeleton":2,"minecraft:creeper":9,"minecraft:drowned":6,"minecraft:witch":1,"minecraft:spider":2,"minecraft:enderman":2,"minecraft:bee":1,"takesapillage:archer":1,"minecraft:hoglin":1,"minecraft:skeleton":9},"minecraft:crafted":{"immersive_aircraft:engine":1,"minecraft:smooth_stone":4,"minecraft:birch_boat":1,"minecraft:birch_slab":6,"minecraft:bookshelf":8,"minecraft:quartz_block":45,"minecraft:diamond_helmet":1,"mores:tin_ingot":52,"mores:tourmaline_axe":1,"minecraft:wooden_shovel":1,"minecraft:emerald":279,"mores:tourmaline_chestplate":1,"minecraft:diamond_axe":1,"mores:topaz_shovel":1,"minecraft:copper_ingot":106,"minecraft:fletching_table":7,"immersive_aircraft:propeller":1,"minecraft:lectern":6,"mores:topaz_shield":2,"minecraft:iron_block":33,"minecraft:gold_ingot":12,"minecraft:light_gray_dye":42,"mores:tourmaline_helmet":1,"minecraft:iron_nugget":1,"immersive_aircraft:biplane":1,"minecraft:bone_meal":1294,"minecraft:pink_dye":85,"mores:topaz_pickaxe":1,"mores:ruby_dagger":1,"minecraft:ladder":9,"minecraft:stone_pickaxe":3,"mores:tourmaline_leggings":2,"minecraft:wheat":72,"minecraft:coal_block":8,"mores:tin_leggings":1,"minecraft:enchanted_book":9,"minecraft:orange_dye":7,"minecraft:oak_fence_gate":5,"mores:tin_boots":1,"minecraft:flint":20,"minecraft:wooden_axe":1,"minecraft:oak_planks":5472,"minecraft:stone":4,"minecraft:hopper":11,"minecraft:bow":2,"minecraft:iron_boots":1,"tombstone:grave_key":3,"immersive_aircraft:hull":3,"minecraft:chest":99,"minecraft:oak_fence":99,"minecraft:golden_boots":2,"mores:silver_ingot":6,"minecraft:oak_slab":18,"mores:tin_chestplate":1,"minecraft:crafting_table":6,"mores:tourmaline_boots":1,"minecraft:spruce_planks":60,"mores:topaz_hoe":1,"mores:cobalt_pickaxe":2,"minecraft:wooden_pickaxe":1,"minecraft:iron_helmet":1,"mores:tin_helmet":1,"minecraft:gold_block":5,"minecraft:birch_planks":620,"minecraft:dispenser":1,"minecraft:dark_oak_slab":6,"minecraft:iron_chestplate":1,"minecraft:emerald_block":8,"minecraft:diamond_pickaxe":2,"minecraft:shield":1,"minecraft:stick":6684,"minecraft:iron_ingot":259,"minecraft:oak_door":6,"mores:tin_pickaxe":2,"minecraft:coal":81,"minecraft:furnace":6,"minecraft:blast_furnace":1,"minecraft:piston":2,"mores:topaz_chestplate":1,"minecraft:oak_trapdoor":22,"minecraft:iron_axe":1,"minecraft:observer":2,"minecraft:cooked_beef":12,"mores:topaz_sword":1,"minecraft:diamond_sword":1,"immersive_aircraft:boiler":1,"mores:cobalt_ingot":7,"minecraft:bucket":2,"minecraft:stone_axe":1,"minecraft:air":0,"mores:tanzanite_leggings":1,"minecraft:oak_boat":2,"mores:tourmaline_shovel":1,"minecraft:anvil":1,"minecraft:torch":636},"minecraft:killed":{"minecraft:skeleton":53,"minecraft:chicken":3,"minecraft:pillager":6,"minecraft:zombie":131,"takesapillage:archer":1,"minecraft:cow":10,"minecraft:vindicator":3,"minecraft:horse":1,"minecraft:husk":19,"minecraft:enderman":3,"minecraft:zombified_piglin":7,"minecraft:spider":30,"minecraft:bee":2,"minecraft:piglin_brute":5,"minecraft:piglin":16,"minecraft:zombie_villager":3,"minecraft:creeper":10,"minecraft:sheep":19,"takesapillage:legioner":1,"minecraft:slime":11,"minecraft:drowned":1,"takesapillage:skirmisher":3,"minecraft:wither_skeleton":3,"minecraft:villager":7},"minecraft:custom":{"minecraft:interact_with_crafting_table":210,"minecraft:open_barrel":136,"minecraft:bell_ring":1,"minecraft:eat_cake_slice":20,"minecraft:leave_game":35,"minecraft:time_since_death":12264,"minecraft:damage_blocked_by_shield":7190,"minecraft:play_time":1167435,"minecraft:deaths":87,"minecraft:jump":9740,"minecraft:interact_with_furnace":158,"minecraft:traded_with_villager":218,"minecraft:sleep_in_bed":33,"minecraft:waystone_activated":34,"tombstone:sneak_grave":1,"minecraft:damage_dealt":68907,"tombstone:undead_killed":217,"minecraft:horse_one_cm":3220,"minecraft:inspect_dispenser":26,"minecraft:interact_with_anvil":8,"minecraft:inspect_hopper":7,"minecraft:sneak_time":34749,"minecraft:total_world_time":1167435,"tombstone:raider_killed":32,"minecraft:interact_with_stonecutter":1,"minecraft:time_since_rest":11989,"minecraft:swim_one_cm":114073,"minecraft:fly_one_cm":1131231,"minecraft:open_chest":914,"minecraft:fish_caught":1,"minecraft:fall_one_cm":226967,"minecraft:animals_bred":41,"minecraft:sprint_one_cm":1899891,"minecraft:drop":333,"minecraft:play_noteblock":3,"minecraft:talked_to_villager":467,"minecraft:walk_on_water_one_cm":171106,"minecraft:crouch_one_cm":81400,"tombstone:villager_killed":7,"minecraft:mob_kills":376,"minecraft:climb_one_cm":61021,"minecraft:walk_one_cm":3584882,"minecraft:walk_under_water_one_cm":152818,"minecraft:interact_with_grindstone":1,"minecraft:damage_taken":33388,"minecraft:damage_absorbed":90}},"DataVersion":3465}