{"stats":{"minecraft:broken":{"mores:tourmaline_shovel":1,"minecraft:golden_boots":2,"minecraft:diamond_helmet":1,"mores:tin_helmet":1,"takesapillage:ravager_horn":1,"mores:topaz_shield":1,"minecraft:diamond_pickaxe":1,"mores:tourmaline_helmet":1,"mores:tourmaline_boots":1,"mores:cobalt_pickaxe":2,"minecraft:iron_axe":1,"minecraft:iron_pickaxe":2,"minecraft:stone_pickaxe":2,"mores:tanzanite_leggings":1,"mores:tourmaline_axe":1,"minecraft:stone_axe":1,"mores:topaz_chestplate":1,"mores:tourmaline_leggings":1,"minecraft:diamond_axe":1},"minecraft:mined":{"minecraft:dark_oak_planks":26,"minecraft:red_nether_brick_slab":1,"minecraft:white_bed":14,"minecraft:red_nether_bricks":9,"alexscaves:limestone":91,"minecraft:obsidian":2,"minecraft:granite":41,"minecraft:deepslate_tile_wall":4,"minecraft:jungle_log":17,"minecraft:coal_block":17,"minecraft:hopper":16,"minecraft:oxeye_daisy":4,"minecraft:spawner":36,"minecraft:polished_blackstone_bricks":77,"minecraft:magma_block":6,"mores:deepslate_tourmaline_ore":53,"minecraft:dark_oak_trapdoor":2,"mores:nether_tanzanite_ore":21,"minecraft:fire":23,"minecraft:barrel":2,"minecraft:sticky_piston":10,"minecraft:cobbled_deepslate":15,"minecraft:fletching_table":18,"minecraft:sculk_shrieker":1,"mores:deepslate_sapphire_ore":2,"minecraft:water_cauldron":4,"minecraft:dirt_path":7,"minecraft:quartz_slab":32,"minecraft:deepslate_brick_stairs":1,"minecraft:pink_tulip":11,"minecraft:stripped_mangrove_wood":10,"minecraft:white_banner":2,"minecraft:player_head":2,"minecraft:piston_head":2,"alexscaves:amber":43,"minecraft:smoker":1,"travelersbackpack:sheep":17,"mores:deepslate_anthracite_ore":10,"minecraft:powder_snow":10,"minecraft:torch":22,"minecraft:note_block":3,"minecraft:glass":18,"minecraft:cyan_bed":1,"minecraft:sugar_cane":8,"minecraft:cyan_wool":8,"minecraft:chain":6,"minecraft:repeater":3,"minecraft:light_gray_stained_glass":2,"minecraft:wheat":182,"minecraft:black_bed":1,"minecraft:stone_brick_stairs":7,"minecraft:grass":67,"minecraft:oak_fence_gate":2,"minecraft:loom":2,"mores:silver_ore":8,"minecraft:stripped_birch_wood":3,"minecraft:smooth_basalt":6,"minecraft:stonecutter":1,"minecraft:deepslate":399,"minecraft:suspicious_gravel":1,"minecraft:deepslate_tiles":3,"minecraft:mossy_cobblestone":3,"mores:nether_moissanite_ore":2,"minecraft:dark_oak_log":14,"minecraft:stripped_birch_log":1,"minecraft:cyan_stained_glass":3,"minecraft:cobbled_deepslate_slab":1,"minecraft:dark_oak_fence":10,"minecraft:spruce_fence":57,"minecraft:jungle_planks":14,"minecraft:stripped_jungle_wood":7,"minecraft:redstone_wire":59,"minecraft:moss_block":1,"minecraft:cartography_table":4,"minecraft:redstone_ore":4,"minecraft:packed_mud":6,"minecraft:snow":1,"minecraft:acacia_wood":4,"minecraft:andesite":24,"minecraft:smooth_quartz_stairs":16,"minecraft:bone_block":1165,"minecraft:white_wool":4,"minecraft:oak_slab":9,"minecraft:redstone_block":8,"minecraft:glass_pane":1,"minecraft:soul_sand":9,"minecraft:stone_brick_slab":1,"minecraft:observer":9,"alexscaves:flytrap":1,"minecraft:lightning_rod":1,"minecraft:copper_ore":39,"minecraft:tall_grass":11,"minecraft:deepslate_gold_ore":6,"minecraft:diorite":36,"mores:tin_ore":20,"minecraft:coarse_dirt":3,"minecraft:spruce_log":1107,"minecraft:birch_leaves":1,"minecraft:gravel":63,"minecraft:dripstone_block":1,"minecraft:stone_bricks":31,"minecraft:chipped_anvil":2,"minecraft:large_amethyst_bud":1,"minecraft:spruce_planks":70,"minecraft:oak_sapling":15,"minecraft:farmland":1,"minecraft:cobbled_deepslate_stairs":1,"minecraft:jungle_slab":2,"minecraft:sculk_vein":1,"mores:nether_anthracite_ore":38,"minecraft:brewing_stand":1,"minecraft:spruce_trapdoor":1,"minecraft:grass_block":1115,"minecraft:cracked_polished_blackstone_bricks":35,"minecraft:mud_bricks":5,"minecraft:composter":3,"minecraft:gilded_blackstone":27,"minecraft:smooth_stone":18,"minecraft:sculk_catalyst":3,"minecraft:iron_ore":300,"minecraft:anvil":2,"minecraft:dark_oak_stairs":4,"minecraft:pointed_dripstone":4,"minecraft:iron_bars":4,"alexscaves:ambersol":2,"minecraft:end_stone_bricks":5,"minecraft:spruce_slab":1,"minecraft:deepslate_redstone_ore":14,"minecraft:quartz_block":2,"minecraft:blackstone":63,"minecraft:calcite":17,"minecraft:chest":18,"mores:anthracite_ore":3,"minecraft:nether_quartz_ore":207,"minecraft:cobblestone":85,"mores:nether_sapphire_ore":1,"minecraft:oak_planks":228,"minecraft:iron_door":1,"minecraft:wall_torch":18,"minecraft:cauldron":3,"minecraft:deepslate_copper_ore":1,"minecraft:pink_petals":2,"minecraft:seagrass":1,"minecraft:dark_oak_slab":1,"minecraft:birch_log":162,"minecraft:birch_trapdoor":1,"minecraft:stripped_oak_wood":11,"minecraft:orange_tulip":8,"minecraft:cracked_deepslate_tiles":6,"minecraft:oak_log":2616,"minecraft:sand":215,"minecraft:dirt":970,"minecraft:tripwire_hook":1,"minecraft:dispenser":3,"minecraft:netherrack":1240,"mores:deepslate_topaz_ore":25,"minecraft:oak_leaves":99,"minecraft:redstone_lamp":1,"minecraft:nether_gold_ore":50,"minecraft:tuff":54,"minecraft:deepslate_diamond_ore":18,"minecraft:oak_door":4,"minecraft:glow_lichen":1,"minecraft:ladder":6,"minecraft:stone_button":1,"minecraft:birch_slab":2,"minecraft:spruce_leaves":29,"minecraft:acacia_slab":3,"minecraft:sandstone":55,"minecraft:large_fern":1,"minecraft:hay_block":8,"minecraft:oak_trapdoor":12,"minecraft:spruce_sapling":1,"minecraft:furnace":12,"minecraft:carrots":138,"minecraft:acacia_stairs":1,"minecraft:stripped_spruce_log":1,"minecraft:peony":31,"minecraft:gold_block":6,"minecraft:nether_brick_fence":1,"minecraft:bookshelf":90,"minecraft:deepslate_iron_ore":96,"minecraft:shroomlight":6,"minecraft:stripped_oak_log":16,"minecraft:packed_ice":3,"minecraft:stone":1775,"minecraft:white_tulip":17,"minecraft:pink_terracotta":6,"mores:cobalt_ore":7,"minecraft:snow_block":1,"minecraft:basalt":18,"minecraft:oak_fence":25,"minecraft:crafting_table":13,"minecraft:blackstone_slab":1,"alexscaves:tree_star":1,"minecraft:rose_bush":1,"minecraft:sculk_sensor":4,"minecraft:lectern":12,"minecraft:stone_slab":8,"mores:nether_silver_ore":24,"minecraft:lapis_ore":10,"minecraft:sculk":28,"minecraft:spruce_stairs":3,"minecraft:birch_planks":106,"minecraft:lime_bed":2,"mores:deepslate_ruby_ore":1,"minecraft:ice":1,"minecraft:white_wall_banner":11,"minecraft:yellow_bed":15,"minecraft:mangrove_slab":3,"minecraft:coal_ore":329,"minecraft:cyan_carpet":1,"minecraft:cracked_stone_bricks":5,"minecraft:stripped_acacia_wood":16,"minecraft:mossy_stone_bricks":1},"minecraft:picked_up":{"minecraft:anvil":2,"minecraft:prismarine_shard":5,"minecraft:stone_slab":8,"minecraft:oak_stairs":3,"minecraft:enchanted_book":1,"minecraft:brewing_stand":1,"minecraft:golden_sword":9,"minecraft:string":65,"minecraft:dark_oak_trapdoor":1,"minecraft:red_nether_bricks":9,"minecraft:pufferfish":1,"minecraft:shroomlight":2,"minecraft:gold_nugget":282,"minecraft:cobbled_deepslate":304,"minecraft:spruce_planks":137,"minecraft:coal_block":20,"minecraft:dark_oak_door":1,"minecraft:golden_helmet":1,"minecraft:composter":3,"minecraft:golden_axe":1,"minecraft:lightning_rod":1,"mores:topaz_gem":47,"minecraft:golden_chestplate":4,"minecraft:pink_terracotta":12,"minecraft:cauldron":6,"mores:raw_tin":76,"mores:silver_nugget":24,"minecraft:iron_bars":4,"minecraft:snowball":19,"minecraft:birch_log":69,"minecraft:magma_block":3,"minecraft:feather":3,"minecraft:cooked_beef":12,"minecraft:iron_door":1,"minecraft:birch_slab":2,"minecraft:jungle_log":6,"minecraft:flint":2,"minecraft:mangrove_slab":3,"minecraft:chipped_anvil":2,"minecraft:dark_oak_sign":2,"minecraft:moss_block":1,"minecraft:stripped_acacia_wood":30,"minecraft:acacia_stairs":1,"minecraft:dark_oak_log":5,"minecraft:barrel":2,"minecraft:bundle":10,"minecraft:dispenser":3,"minecraft:lever":1,"minecraft:granite":40,"minecraft:golden_horse_armor":3,"mores:raw_silver":8,"minecraft:dark_oak_fence":1,"minecraft:diamond_pickaxe":1,"minecraft:crafting_table":13,"minecraft:coarse_dirt":4,"minecraft:nether_wart":4,"minecraft:clay_ball":4,"minecraft:redstone_lamp":1,"minecraft:cornflower":2,"minecraft:flint_and_steel":2,"minecraft:netherite_scrap":2,"minecraft:cracked_stone_bricks":5,"minecraft:cartography_table":4,"minecraft:beef":14,"minecraft:cyan_wool":2,"minecraft:iron_nugget":32,"minecraft:poppy":2,"minecraft:spruce_slab":1,"minecraft:chest":18,"minecraft:birch_sapling":25,"minecraft:egg":4,"minecraft:sandstone":54,"minecraft:stone":1,"minecraft:oak_door":7,"minecraft:spruce_fence":34,"minecraft:fire_charge":3,"minecraft:carrot":455,"minecraft:redstone":148,"minecraft:peony":37,"minecraft:hay_block":8,"tombstone:essence_of_undeath":4,"minecraft:gold_ingot":18,"minecraft:totem_of_undying":2,"minecraft:mutton":4,"minecraft:white_wool":20,"minecraft:bone_block":1267,"minecraft:oxeye_daisy":22,"minecraft:stripped_oak_log":4,"minecraft:lime_bed":3,"minecraft:mud_bricks":5,"minecraft:tripwire_hook":1,"minecraft:blackstone_slab":1,"minecraft:acacia_wood":6,"minecraft:packed_mud":6,"mores:topaz_shield":1,"minecraft:oak_log":806,"minecraft:golden_boots":1,"alexscaves:ambersol":2,"tombstone:gift":2,"travelersbackpack:sheep":18,"minecraft:white_banner":41,"minecraft:spawner":1,"minecraft:stone_bricks":30,"minecraft:apple":29,"minecraft:oak_fence_gate":2,"minecraft:cobweb":2,"tombstone:bag_of_seeds":7,"minecraft:iron_sword":6,"minecraft:dark_oak_stairs":7,"minecraft:smooth_basalt":6,"minecraft:dark_oak_slab":1,"minecraft:gravel":115,"mores:ruby_gem":1,"minecraft:spruce_sapling":74,"minecraft:spruce_log":183,"mores:sapphire_gem":3,"minecraft:slime_ball":12,"mores:anthracite":45,"minecraft:gray_wool":3,"minecraft:red_nether_brick_slab":1,"minecraft:hopper":17,"minecraft:ender_pearl":7,"mores:silver_apple":1,"minecraft:wheat":166,"minecraft:redstone_block":8,"minecraft:nether_brick_fence":1,"minecraft:potion":4,"minecraft:gilded_blackstone":23,"minecraft:nether_brick":11,"minecraft:stone_brick_stairs":5,"minecraft:raw_copper":205,"mores:tourmaline_gem":53,"minecraft:sticky_piston":12,"minecraft:deepslate_tiles":2,"minecraft:smooth_stone":19,"minecraft:white_tulip":20,"minecraft:rose_bush":1,"minecraft:calcite":9,"minecraft:deepslate_tile_wall":3,"mores:topaz_sword":1,"minecraft:smooth_quartz_stairs":15,"alexscaves:flytrap":1,"minecraft:iron_boots":1,"minecraft:furnace":12,"minecraft:tipped_arrow":5,"minecraft:stick":309,"minecraft:birch_trapdoor":1,"minecraft:oak_fence":28,"minecraft:torch":133,"minecraft:spruce_stairs":2,"minecraft:porkchop":20,"minecraft:diorite":40,"minecraft:pointed_dripstone":1,"tombstone:grave_dust":68,"minecraft:quartz_block":2,"minecraft:rotten_flesh":507,"minecraft:deepslate_brick_stairs":1,"minecraft:music_disc_wait":1,"minecraft:stripped_birch_wood":3,"minecraft:obsidian":7,"minecraft:cobblestone":1823,"minecraft:nautilus_shell":1,"minecraft:pink_petals":1,"minecraft:leather_chestplate":2,"minecraft:repeater":3,"minecraft:andesite":25,"minecraft:black_bed":1,"minecraft:golden_leggings":1,"mores:steel_horse_armor":1,"minecraft:potato":5,"minecraft:tuff":15,"minecraft:wither_skeleton_skull":2,"minecraft:lapis_lazuli":64,"minecraft:dirt":2205,"minecraft:leather_boots":1,"minecraft:glass":18,"minecraft:bone":200,"minecraft:bow":17,"minecraft:orange_tulip":10,"minecraft:wheat_seeds":413,"minecraft:raw_gold":6,"minecraft:fletching_table":18,"minecraft:oak_planks":529,"mores:tanzanite_gem":21,"minecraft:sand":180,"minecraft:jungle_planks":9,"mores:raw_cobalt":7,"minecraft:grass_block":4,"minecraft:cyan_bed":1,"minecraft:jungle_slab":1,"minecraft:spectral_arrow":8,"minecraft:mossy_cobblestone":3,"minecraft:light_gray_concrete":4,"minecraft:sugar":5,"minecraft:diamond":17,"waystones:waystone":47,"minecraft:cracked_polished_blackstone_bricks":14,"minecraft:crossbow":2,"minecraft:bone_meal":3054,"minecraft:golden_apple":6,"minecraft:spruce_sign":1,"minecraft:emerald":157,"minecraft:oak_sapling":416,"minecraft:netherrack":1137,"minecraft:end_stone_bricks":5,"minecraft:fishing_rod":1,"minecraft:splash_potion":2,"minecraft:chicken":3,"minecraft:ladder":10,"minecraft:brown_mushroom":1,"minecraft:gold_block":6,"minecraft:chain":3,"minecraft:shield":1,"minecraft:oak_trapdoor":13,"minecraft:iron_axe":3,"immersive_aircraft:biplane":49,"minecraft:quartz_slab":28,"takesapillage:ravager_horn":2,"minecraft:cyan_carpet":1,"minecraft:blackstone":96,"minecraft:oak_boat":3,"minecraft:player_head":2,"minecraft:observer":9,"minecraft:light_gray_wool":16,"minecraft:lectern":11,"minecraft:sugar_cane":245,"minecraft:phantom_membrane":4,"minecraft:dark_oak_sapling":1,"minecraft:raw_iron":395,"minecraft:stripped_mangrove_wood":10,"minecraft:copper_ingot":1,"minecraft:note_block":2,"minecraft:polished_blackstone_bricks":67,"minecraft:stone_button":1,"minecraft:music_disc_11":1,"minecraft:dark_oak_planks":30,"minecraft:arrow":208,"minecraft:pumpkin_pie":1,"minecraft:pink_tulip":35,"minecraft:saddle":3,"minecraft:cracked_deepslate_tiles":6,"minecraft:dark_oak_button":1,"minecraft:basalt":15,"minecraft:golden_carrot":18,"minecraft:leather":27,"minecraft:birch_planks":83,"alexscaves:limestone":90,"minecraft:chainmail_chestplate":1,"minecraft:yellow_bed":15,"minecraft:gunpowder":63,"alexscaves:amber":34,"minecraft:cooked_mutton":39,"minecraft:iron_ingot":7,"minecraft:stripped_oak_wood":15,"minecraft:soul_sand":22,"minecraft:book":269,"minecraft:oak_slab":8,"mores:cobalt_apple":1,"minecraft:birch_boat":24,"minecraft:pumpkin":31,"minecraft:quartz":216,"minecraft:dandelion":1,"minecraft:dripstone_block":1,"alexscaves:tree_star":9,"minecraft:red_banner":1,"mores:moissanite_gem":2,"minecraft:white_bed":14,"minecraft:spider_eye":23,"minecraft:chainmail_leggings":1,"minecraft:stripped_jungle_wood":3,"tombstone:magic_scroll":13,"minecraft:acacia_slab":3,"minecraft:black_wool":1,"minecraft:dark_oak_wood":2,"minecraft:coal":426,"alexscaves:ancient_sapling":16},"minecraft:dropped":{"minecraft:iron_sword":1,"minecraft:stripped_mangrove_wood":5,"minecraft:glass_bottle":2,"immersive_aircraft:biplane":1,"minecraft:orange_tulip":3,"minecraft:crossbow":1,"minecraft:saddle":2,"minecraft:dirt":276,"minecraft:dark_oak_fence":1,"minecraft:dark_oak_trapdoor":1,"minecraft:chain":1,"minecraft:gold_nugget":11,"minecraft:bone_meal":2134,"minecraft:bone_block":13,"minecraft:sand":67,"minecraft:dark_oak_planks":7,"minecraft:mangrove_slab":1,"minecraft:white_wool":5,"minecraft:cyan_carpet":1,"minecraft:bone":8,"minecraft:dark_oak_door":1,"minecraft:goat_horn":2,"minecraft:sugar_cane":105,"minecraft:golden_chestplate":1,"minecraft:cobbled_deepslate":55,"minecraft:wheat":1,"minecraft:rotten_flesh":84,"minecraft:oak_planks":275,"mores:sterling_leggings":1,"minecraft:lime_bed":1,"minecraft:hopper":1,"minecraft:lectern":1,"minecraft:egg":2,"minecraft:iron_ingot":1,"minecraft:wheat_seeds":1,"minecraft:golden_horse_armor":2,"minecraft:oak_fence":1,"minecraft:iron_helmet":1,"minecraft:cobblestone":194,"minecraft:granite":8,"minecraft:coal_block":1,"minecraft:pumpkin":16,"minecraft:white_banner":2,"minecraft:smooth_stone":1,"minecraft:string":17,"minecraft:spruce_sapling":20,"minecraft:player_head":1,"minecraft:dark_oak_sign":1,"mores:raw_tin":9,"minecraft:iron_boots":1,"minecraft:stone_slab":4,"minecraft:spruce_fence":1,"minecraft:lightning_rod":1,"minecraft:potato":2,"minecraft:peony":11,"minecraft:spruce_planks":33,"minecraft:bundle":2,"minecraft:diamond_pickaxe":2,"minecraft:spider_eye":4,"mores:topaz_sword":1,"mores:cobalt_nugget":6,"minecraft:bow":2,"minecraft:magma_block":1,"minecraft:birch_planks":3,"minecraft:dark_oak_stairs":1,"minecraft:oak_log":94,"minecraft:birch_slab":1,"tombstone:bag_of_seeds":3,"minecraft:pumpkin_pie":2,"minecraft:polished_blackstone_bricks":9,"mores:tourmaline_leggings":1,"minecraft:stripped_oak_wood":5,"minecraft:cauldron":2,"minecraft:gold_ingot":50,"minecraft:gravel":58,"minecraft:blackstone":8,"minecraft:acacia_stairs":1,"minecraft:carrot":2,"minecraft:chainmail_chestplate":1,"minecraft:leather_chestplate":2,"minecraft:chest":1,"minecraft:iron_bars":4,"minecraft:quartz":1,"minecraft:netherrack":613,"minecraft:bread":1,"minecraft:golden_helmet":1,"mores:topaz_shield":1,"minecraft:grass_block":1,"minecraft:stick":411,"minecraft:diorite":10,"tombstone:grave_key":1,"minecraft:iron_door":1,"tombstone:grave_dust":9,"minecraft:pink_petals":1,"minecraft:bucket":1,"minecraft:smooth_basalt":5,"minecraft:oak_trapdoor":1,"minecraft:coarse_dirt":3,"minecraft:raw_copper":3,"minecraft:tuff":9,"minecraft:composter":2,"minecraft:stripped_oak_log":4,"minecraft:stripped_acacia_wood":10,"minecraft:filled_map":1,"minecraft:iron_chestplate":1,"minecraft:andesite":9,"minecraft:oak_boat":1,"mores:raw_silver":1,"minecraft:oak_sapling":191,"minecraft:golden_sword":2,"tombstone:essence_of_undeath":1,"minecraft:spruce_log":135,"minecraft:calcite":6},"minecraft:used":{"minecraft:peony":2,"minecraft:dispenser":10,"minecraft:ladder":18,"minecraft:poppy":2,"minecraft:chest":113,"minecraft:stone":8,"minecraft:soul_sand":2,"mores:tourmaline_axe":1452,"alexscaves:ambersol":1,"mores:obsidian_pickaxe":1,"mores:ruby_dagger":8,"minecraft:snowball":10,"minecraft:jungle_sapling":24,"minecraft:lava_bucket":1,"minecraft:villager_spawn_egg":9,"minecraft:birch_sapling":18,"minecraft:quartz_block":18,"minecraft:bow":79,"minecraft:oak_sapling":352,"minecraft:furnace":7,"minecraft:mangrove_slab":2,"minecraft:egg":3,"immersive_aircraft:biplane":51,"minecraft:diorite":8,"minecraft:end_stone_bricks":1,"minecraft:blackstone":26,"minecraft:wooden_pickaxe":9,"minecraft:composter":1,"minecraft:smooth_quartz_stairs":15,"minecraft:golden_apple":8,"minecraft:stripped_mangrove_wood":5,"minecraft:sand":1,"mores:tin_leggings":1,"minecraft:lightning_rod":9,"minecraft:birch_slab":2,"minecraft:lectern":16,"minecraft:diamond_sword":408,"minecraft:oak_boat":3,"mores:tourmaline_helmet":1,"minecraft:oak_trapdoor":29,"minecraft:stripped_acacia_wood":6,"minecraft:netherrack":501,"mores:tourmaline_shovel":1517,"minecraft:torch":867,"minecraft:anvil":5,"minecraft:oak_fence_gate":6,"minecraft:shroomlight":2,"minecraft:chipped_anvil":2,"mores:steel_battleaxe":209,"minecraft:iron_axe":155,"minecraft:spawner":3,"minecraft:totem_of_undying":2,"minecraft:mud_bricks":3,"minecraft:barrel":1,"minecraft:smooth_basalt":1,"minecraft:diamond_chestplate":3,"minecraft:basalt":12,"minecraft:goat_horn":2,"tombstone:gift":12,"minecraft:acacia_wood":1,"minecraft:cobbled_deepslate":143,"minecraft:observer":17,"minecraft:golden_axe":2,"minecraft:calcite":3,"travelersbackpack:sheep":15,"minecraft:wheat_seeds":173,"minecraft:water_bucket":21,"mores:tourmaline_boots":3,"minecraft:birch_planks":142,"minecraft:cartography_table":5,"minecraft:cauldron":1,"minecraft:fletching_table":24,"minecraft:cracked_stone_bricks":4,"minecraft:polished_blackstone_bricks":53,"minecraft:gilded_blackstone":23,"minecraft:mossy_cobblestone":2,"minecraft:oak_slab":12,"minecraft:crafting_table":19,"minecraft:white_bed":21,"minecraft:cake":2,"minecraft:spruce_log":6,"mores:sterling_leggings":1,"minecraft:oak_log":8,"minecraft:diamond_pickaxe":5103,"mores:obsidian_sword":1092,"minecraft:iron_pickaxe":498,"tombstone:magic_scroll":30,"mores:chocolate":20,"minecraft:spruce_sapling":172,"mores:topaz_shovel":252,"minecraft:cobblestone":576,"minecraft:potion":2,"mores:tin_chestplate":1,"minecraft:porkchop":1,"minecraft:bone_block":10,"mores:tin_pickaxe":89,"minecraft:shield":41,"minecraft:zombie_spawn_egg":10,"mores:tin_helmet":1,"minecraft:jungle_planks":9,"minecraft:carrot":231,"minecraft:tuff":6,"minecraft:cyan_wool":2,"minecraft:obsidian":17,"minecraft:glass":39,"tombstone:tablet_of_cupidity":4,"minecraft:packed_mud":2,"simplyswords:arcanethyst":9,"minecraft:stone_bricks":4,"minecraft:dark_oak_sapling":17,"minecraft:golden_boots":2,"minecraft:diamond_boots":2,"minecraft:stone_pickaxe":415,"minecraft:oak_planks":1963,"minecraft:ender_pearl":1,"minecraft:sandstone":44,"minecraft:sugar_cane":13,"minecraft:diamond_axe":4440,"mores:topaz_pickaxe":400,"mores:tin_boots":1,"alexscaves:darkened_apple":1,"minecraft:crossbow":1,"minecraft:black_bed":1,"minecraft:creeper_spawn_egg":16,"waystones:waystone":49,"mores:topaz_chestplate":1,"minecraft:dark_oak_log":4,"minecraft:bread":71,"minecraft:cyan_bed":1,"tombstone:grave_key":9,"minecraft:gravel":9,"minecraft:blackstone_slab":1,"simplyswords:diamond_chakram":34,"minecraft:torchflower_seeds":1,"minecraft:stripped_oak_wood":3,"minecraft:andesite":11,"minecraft:coarse_dirt":1,"minecraft:bone_meal":277,"minecraft:experience_bottle":40,"minecraft:oak_fence":117,"minecraft:trident":2,"minecraft:flint_and_steel":6,"minecraft:redstone":16,"minecraft:spruce_planks":58,"immersive_aircraft:warship":1,"minecraft:stripped_birch_wood":2,"minecraft:wooden_shovel":11,"mores:tourmaline_leggings":2,"minecraft:oak_door":13,"minecraft:dirt":1238,"alexscaves:ancient_sapling":9,"minecraft:hopper":29,"minecraft:spruce_stairs":2,"minecraft:diamond_helmet":3,"alexscaves:limestone":78,"mores:tourmaline_chestplate":2,"mores:silver_apple":1,"minecraft:granite":12,"minecraft:dark_oak_planks":13,"minecraft:wooden_axe":8,"minecraft:iron_boots":1,"minecraft:light_gray_wool":25,"minecraft:golden_carrot":7,"minecraft:cooked_beef":5,"mores:obsidian_battleaxe":182,"minecraft:cooked_mutton":32,"mores:topaz_hoe":104,"tombstone:scroll_of_knowledge":2,"minecraft:red_nether_bricks":1,"mores:topaz_sword":7,"alexscaves:tree_star":2,"mores:topaz_shield":150,"minecraft:birch_boat":24,"mores:turquoise_shovel":236,"mores:moissanite_shield":62,"minecraft:lime_bed":1,"tombstone:tablet_of_home":3,"mores:tanzanite_leggings":1,"tombstone:bag_of_seeds":3,"minecraft:piston":6,"minecraft:apple":33,"minecraft:cracked_polished_blackstone_bricks":7,"minecraft:map":1,"mores:cobalt_pickaxe":691,"minecraft:stone_slab":4,"mores:duck_egg":2,"minecraft:stone_axe":83,"minecraft:fishing_rod":1,"minecraft:bucket":20,"minecraft:pumpkin_pie":131,"minecraft:yellow_bed":14,"takesapillage:ravager_horn":1,"minecraft:smooth_stone":1,"minecraft:splash_potion":11},"minecraft:killed_by":{"minecraft:piglin_brute":4,"minecraft:pillager":3,"minecraft:ravager":1,"minecraft:vindicator":5,"minecraft:zombie":11,"minecraft:husk":9,"alexscaves:vallumraptor":2,"takesapillage:skirmisher":8,"minecraft:zombified_piglin":4,"minecraft:wither_skeleton":7,"minecraft:creeper":12,"minecraft:drowned":6,"minecraft:witch":2,"takesapillage:legioner":12,"minecraft:spider":3,"minecraft:enderman":2,"minecraft:bee":1,"takesapillage:archer":1,"minecraft:hoglin":3,"minecraft:skeleton":12},"minecraft:crafted":{"immersive_aircraft:engine":3,"minecraft:smooth_stone":4,"minecraft:birch_boat":1,"minecraft:birch_slab":6,"minecraft:bookshelf":8,"minecraft:quartz_block":45,"minecraft:diamond_helmet":2,"minecraft:diamond_leggings":1,"mores:tin_ingot":52,"mores:tourmaline_axe":1,"minecraft:wooden_shovel":1,"minecraft:emerald":566,"mores:tourmaline_chestplate":1,"minecraft:diamond_axe":2,"mores:topaz_shovel":1,"minecraft:copper_ingot":106,"minecraft:fletching_table":7,"minecraft:oak_wood":3,"immersive_aircraft:propeller":3,"minecraft:cartography_table":1,"minecraft:lectern":6,"mores:topaz_shield":2,"minecraft:iron_block":58,"minecraft:gold_ingot":218,"minecraft:light_gray_dye":42,"mores:tourmaline_helmet":1,"minecraft:iron_nugget":1,"immersive_aircraft:biplane":3,"minecraft:bone_meal":6568,"minecraft:pink_dye":85,"mores:topaz_pickaxe":1,"mores:ruby_dagger":1,"minecraft:ladder":9,"minecraft:stone_pickaxe":3,"mores:tourmaline_leggings":2,"minecraft:wheat":72,"minecraft:coal_block":10,"mores:tin_leggings":1,"minecraft:enchanted_book":17,"minecraft:orange_dye":7,"minecraft:oak_fence_gate":5,"mores:tin_boots":1,"minecraft:flint":20,"minecraft:wooden_axe":1,"minecraft:white_bed":1,"minecraft:oak_planks":10031,"minecraft:stone":4,"minecraft:hopper":14,"minecraft:bow":2,"minecraft:iron_boots":1,"tombstone:grave_key":6,"immersive_aircraft:hull":9,"minecraft:chest":110,"minecraft:oak_fence":99,"minecraft:golden_boots":2,"mores:silver_ingot":8,"minecraft:oak_slab":18,"mores:tin_chestplate":1,"minecraft:crafting_table":7,"mores:tourmaline_boots":1,"mores:topaz_hoe":1,"minecraft:spruce_planks":2520,"mores:cobalt_pickaxe":2,"minecraft:wooden_pickaxe":1,"minecraft:iron_helmet":1,"mores:tin_helmet":1,"minecraft:gold_block":56,"minecraft:birch_planks":636,"minecraft:dispenser":1,"mores:moissanite_shield":1,"minecraft:dark_oak_slab":6,"minecraft:iron_chestplate":1,"minecraft:paper":102,"minecraft:emerald_block":15,"minecraft:diamond_pickaxe":2,"minecraft:shield":1,"minecraft:stick":20312,"minecraft:iron_ingot":271,"minecraft:oak_door":6,"mores:tin_pickaxe":2,"minecraft:coal":81,"minecraft:blast_furnace":3,"minecraft:furnace":6,"minecraft:piston":12,"mores:topaz_chestplate":1,"minecraft:diamond_block":7,"minecraft:oak_trapdoor":22,"minecraft:iron_axe":1,"minecraft:observer":8,"minecraft:cooked_beef":12,"mores:topaz_sword":1,"minecraft:diamond_sword":1,"immersive_aircraft:boiler":3,"mores:cobalt_ingot":7,"minecraft:bucket":2,"minecraft:stone_axe":1,"minecraft:air":0,"minecraft:jungle_planks":68,"mores:tanzanite_leggings":1,"minecraft:oak_boat":3,"mores:tourmaline_shovel":1,"minecraft:anvil":2,"minecraft:torch":748,"minecraft:firework_rocket":171},"minecraft:killed":{"minecraft:skeleton":89,"minecraft:chicken":3,"minecraft:pillager":30,"minecraft:zombie":241,"takesapillage:archer":24,"minecraft:cow":13,"minecraft:evoker":3,"minecraft:vindicator":18,"minecraft:horse":1,"minecraft:husk":24,"minecraft:ravager":2,"minecraft:enderman":7,"minecraft:witch":6,"minecraft:zombified_piglin":43,"minecraft:spider":48,"minecraft:bee":2,"minecraft:piglin_brute":5,"minecraft:piglin":27,"minecraft:zombie_villager":5,"minecraft:creeper":23,"minecraft:sheep":21,"minecraft:stray":4,"takesapillage:legioner":23,"minecraft:slime":11,"minecraft:phantom":3,"takesapillage:clay_golem":1,"minecraft:drowned":6,"takesapillage:skirmisher":26,"minecraft:hoglin":9,"minecraft:wither_skeleton":32,"minecraft:villager":7},"minecraft:custom":{"minecraft:interact_with_crafting_table":326,"minecraft:open_barrel":267,"minecraft:bell_ring":1,"minecraft:eat_cake_slice":20,"minecraft:leave_game":50,"minecraft:time_since_death":7224,"minecraft:damage_blocked_by_shield":12865,"minecraft:play_time":2005242,"minecraft:deaths":134,"minecraft:jump":16683,"minecraft:interact_with_furnace":218,"minecraft:traded_with_villager":450,"minecraft:interact_with_cartography_table":3,"minecraft:sleep_in_bed":54,"minecraft:waystone_activated":52,"tombstone:sneak_grave":1,"minecraft:damage_dealt":162229,"tombstone:undead_killed":447,"minecraft:inspect_dispenser":86,"minecraft:horse_one_cm":3220,"minecraft:interact_with_anvil":33,"minecraft:inspect_hopper":44,"minecraft:sneak_time":52824,"minecraft:interact_with_blast_furnace":1,"minecraft:total_world_time":2005242,"tombstone:raider_killed":172,"minecraft:interact_with_stonecutter":1,"minecraft:time_since_rest":6738,"minecraft:swim_one_cm":161978,"minecraft:fly_one_cm":2399148,"minecraft:open_chest":1930,"minecraft:fish_caught":1,"minecraft:fall_one_cm":403748,"minecraft:animals_bred":49,"minecraft:sprint_one_cm":3206955,"minecraft:drop":960,"minecraft:play_noteblock":3,"minecraft:talked_to_villager":950,"minecraft:walk_on_water_one_cm":318201,"minecraft:crouch_one_cm":90991,"tombstone:villager_killed":7,"minecraft:mob_kills":806,"minecraft:climb_one_cm":107566,"minecraft:walk_one_cm":5345877,"minecraft:walk_under_water_one_cm":202871,"minecraft:interact_with_grindstone":1,"minecraft:damage_taken":54079,"minecraft:damage_absorbed":369}},"DataVersion":3465}