{"stats":{"minecraft:custom":{"minecraft:interact_with_crafting_table":76,"minecraft:open_barrel":10,"minecraft:bell_ring":1,"minecraft:eat_cake_slice":7,"minecraft:leave_game":23,"minecraft:time_since_death":28504,"minecraft:sprint_one_cm":631073,"minecraft:damage_blocked_by_shield":1680,"minecraft:drop":47,"minecraft:talked_to_villager":9,"minecraft:play_time":367461,"minecraft:deaths":36,"minecraft:jump":3798,"minecraft:walk_on_water_one_cm":65122,"minecraft:interact_with_furnace":79,"minecraft:sleep_in_bed":11,"minecraft:waystone_activated":4,"tombstone:sneak_grave":1,"minecraft:damage_dealt":14246,"minecraft:crouch_one_cm":15100,"tombstone:undead_killed":48,"minecraft:horse_one_cm":3220,"minecraft:mob_kills":68,"minecraft:interact_with_anvil":1,"minecraft:climb_one_cm":13124,"minecraft:walk_one_cm":832913,"minecraft:sneak_time":6931,"minecraft:walk_under_water_one_cm":83131,"minecraft:total_world_time":367461,"tombstone:raider_killed":2,"minecraft:interact_with_grindstone":1,"minecraft:interact_with_stonecutter":1,"minecraft:time_since_rest":28262,"minecraft:damage_taken":13472,"minecraft:damage_absorbed":10,"minecraft:swim_one_cm":94210,"minecraft:fly_one_cm":444853,"minecraft:open_chest":142,"minecraft:fish_caught":1,"minecraft:fall_one_cm":95134},"minecraft:used":{"minecraft:bone_block":7,"mores:tin_pickaxe":89,"minecraft:chest":7,"minecraft:shield":40,"mores:tin_helmet":1,"mores:tourmaline_axe":194,"alexscaves:ambersol":1,"mores:ruby_dagger":8,"minecraft:cyan_wool":2,"minecraft:bow":5,"minecraft:furnace":5,"immersive_aircraft:biplane":11,"minecraft:diorite":8,"minecraft:stone_pickaxe":415,"minecraft:ender_pearl":1,"minecraft:wooden_pickaxe":9,"minecraft:sandstone":44,"mores:topaz_pickaxe":400,"mores:tin_boots":1,"minecraft:golden_apple":1,"minecraft:stripped_mangrove_wood":5,"mores:tin_leggings":1,"waystones:waystone":2,"minecraft:bread":37,"minecraft:lectern":1,"tombstone:grave_key":1,"minecraft:gravel":6,"minecraft:andesite":7,"mores:tourmaline_helmet":1,"minecraft:coarse_dirt":1,"minecraft:wooden_shovel":11,"mores:tourmaline_leggings":1,"mores:tourmaline_shovel":1161,"minecraft:torch":346,"minecraft:dirt":207,"minecraft:spruce_stairs":1,"mores:tourmaline_chestplate":1,"alexscaves:limestone":78,"minecraft:granite":3,"minecraft:wooden_axe":8,"minecraft:dark_oak_planks":3,"mores:steel_battleaxe":26,"minecraft:iron_axe":155,"minecraft:iron_boots":1,"minecraft:goat_horn":1,"tombstone:gift":6,"minecraft:cooked_beef":3,"minecraft:cobbled_deepslate":139,"mores:tourmaline_boots":1,"mores:topaz_sword":7,"minecraft:cauldron":1,"minecraft:mossy_cobblestone":1,"minecraft:crafting_table":11,"minecraft:cake":1,"mores:sterling_leggings":1,"minecraft:apple":11,"minecraft:iron_pickaxe":309,"minecraft:map":1,"tombstone:magic_scroll":25,"mores:cobalt_pickaxe":691,"mores:chocolate":2,"mores:duck_egg":1,"minecraft:stone_axe":83,"minecraft:fishing_rod":1,"minecraft:cobblestone":294,"mores:tin_chestplate":1,"minecraft:yellow_bed":7,"minecraft:smooth_stone":1},"minecraft:killed_by":{"minecraft:creeper":4,"minecraft:pillager":1,"minecraft:drowned":5,"minecraft:witch":1,"minecraft:zombie":3,"minecraft:husk":7,"minecraft:spider":1,"alexscaves:vallumraptor":2,"minecraft:skeleton":4},"minecraft:mined":{"minecraft:red_nether_brick_slab":1,"minecraft:dark_oak_planks":14,"minecraft:sculk_vein":1,"alexscaves:limestone":91,"minecraft:granite":24,"minecraft:grass_block":794,"minecraft:coal_block":2,"minecraft:oxeye_daisy":4,"minecraft:spawner":4,"minecraft:smooth_stone":10,"mores:deepslate_tourmaline_ore":46,"minecraft:sculk_catalyst":3,"minecraft:dark_oak_trapdoor":2,"minecraft:iron_ore":49,"minecraft:cobbled_deepslate":12,"minecraft:fire":2,"minecraft:sculk_shrieker":1,"minecraft:pointed_dripstone":4,"mores:deepslate_sapphire_ore":2,"minecraft:water_cauldron":1,"minecraft:dirt_path":1,"alexscaves:ambersol":2,"minecraft:pink_tulip":3,"minecraft:stripped_mangrove_wood":5,"minecraft:spruce_slab":1,"minecraft:deepslate_redstone_ore":11,"alexscaves:amber":43,"mores:deepslate_anthracite_ore":5,"minecraft:torch":6,"minecraft:calcite":8,"minecraft:cobblestone":26,"minecraft:oak_planks":5,"minecraft:wall_torch":7,"minecraft:pink_petals":2,"minecraft:seagrass":1,"minecraft:chain":1,"minecraft:cyan_wool":8,"minecraft:repeater":2,"minecraft:birch_log":24,"minecraft:grass":13,"minecraft:oak_log":118,"minecraft:dirt":403,"mores:silver_ore":7,"mores:deepslate_topaz_ore":21,"minecraft:oak_leaves":15,"minecraft:deepslate":309,"minecraft:tuff":38,"minecraft:mossy_cobblestone":2,"minecraft:deepslate_diamond_ore":18,"minecraft:glow_lichen":1,"minecraft:dark_oak_fence":8,"minecraft:spruce_fence":1,"minecraft:redstone_wire":28,"minecraft:moss_block":1,"minecraft:sandstone":55,"minecraft:large_fern":1,"minecraft:redstone_ore":4,"minecraft:furnace":3,"minecraft:packed_mud":4,"minecraft:andesite":13,"minecraft:peony":6,"minecraft:deepslate_iron_ore":16,"minecraft:smooth_quartz_stairs":1,"minecraft:stone":589,"minecraft:white_tulip":1,"minecraft:bone_block":149,"minecraft:glass_pane":1,"mores:cobalt_ore":7,"minecraft:crafting_table":7,"alexscaves:flytrap":1,"minecraft:rose_bush":1,"minecraft:sculk_sensor":4,"minecraft:lectern":2,"minecraft:copper_ore":35,"minecraft:lapis_ore":10,"minecraft:sculk":28,"mores:tin_ore":15,"minecraft:diorite":22,"minecraft:spruce_stairs":1,"minecraft:coarse_dirt":3,"mores:deepslate_ruby_ore":1,"minecraft:white_wall_banner":2,"minecraft:yellow_bed":7,"minecraft:mangrove_slab":1,"minecraft:coal_ore":116,"minecraft:gravel":26,"minecraft:dripstone_block":1,"minecraft:mossy_stone_bricks":1},"minecraft:broken":{"mores:tin_helmet":1,"minecraft:stone_pickaxe":2,"minecraft:stone_axe":1,"mores:cobalt_pickaxe":2,"minecraft:iron_axe":1,"minecraft:iron_pickaxe":1},"minecraft:dropped":{"minecraft:dirt":16,"minecraft:dark_oak_trapdoor":1,"minecraft:chain":1,"mores:tourmaline_leggings":1,"minecraft:dark_oak_planks":4,"minecraft:mangrove_slab":1,"minecraft:bone":4,"minecraft:goat_horn":1,"minecraft:cobbled_deepslate":5,"minecraft:rotten_flesh":11,"minecraft:oak_planks":1,"mores:sterling_leggings":1,"minecraft:iron_helmet":1,"minecraft:cobblestone":5,"minecraft:diorite":6,"tombstone:grave_key":1,"tombstone:grave_dust":4,"minecraft:white_banner":2,"minecraft:smooth_stone":1,"minecraft:string":4,"minecraft:pink_petals":1,"minecraft:coarse_dirt":3,"minecraft:tuff":5,"minecraft:iron_boots":1,"minecraft:iron_chestplate":1,"mores:topaz_sword":1,"minecraft:bow":1},"minecraft:killed":{"minecraft:spider":6,"minecraft:skeleton":16,"minecraft:chicken":3,"minecraft:zombie_villager":1,"minecraft:creeper":3,"minecraft:pillager":2,"minecraft:zombie":22,"minecraft:cow":1,"minecraft:horse":1,"minecraft:husk":9,"minecraft:enderman":1},"minecraft:crafted":{"immersive_aircraft:engine":1,"minecraft:smooth_stone":4,"minecraft:oak_planks":124,"minecraft:stone":4,"minecraft:iron_boots":1,"tombstone:grave_key":1,"mores:tin_ingot":52,"mores:tourmaline_axe":1,"immersive_aircraft:hull":3,"minecraft:chest":7,"mores:silver_ingot":3,"minecraft:wooden_shovel":1,"mores:tourmaline_chestplate":1,"mores:tin_chestplate":1,"mores:tourmaline_boots":1,"minecraft:crafting_table":4,"mores:cobalt_pickaxe":2,"minecraft:wooden_pickaxe":1,"minecraft:iron_helmet":1,"mores:tin_helmet":1,"minecraft:copper_ingot":76,"immersive_aircraft:propeller":1,"minecraft:iron_chestplate":1,"minecraft:shield":1,"minecraft:stick":120,"minecraft:iron_ingot":38,"mores:tourmaline_helmet":1,"mores:tin_pickaxe":2,"minecraft:coal":81,"minecraft:furnace":4,"minecraft:blast_furnace":1,"immersive_aircraft:biplane":1,"minecraft:piston":2,"mores:topaz_pickaxe":1,"mores:ruby_dagger":1,"minecraft:iron_axe":1,"minecraft:stone_pickaxe":3,"mores:tourmaline_leggings":2,"minecraft:cooked_beef":3,"minecraft:coal_block":8,"mores:topaz_sword":1,"immersive_aircraft:boiler":1,"mores:cobalt_ingot":7,"minecraft:stone_axe":1,"mores:tin_leggings":1,"minecraft:air":0,"minecraft:oak_boat":1,"mores:tin_boots":1,"mores:tourmaline_shovel":1,"minecraft:wooden_axe":1,"minecraft:torch":316},"minecraft:picked_up":{"minecraft:string":6,"minecraft:dark_oak_trapdoor":1,"minecraft:raw_copper":176,"mores:tourmaline_gem":46,"minecraft:pufferfish":1,"minecraft:cobbled_deepslate":217,"minecraft:smooth_stone":11,"minecraft:white_tulip":5,"minecraft:rose_bush":1,"minecraft:coal_block":2,"mores:topaz_sword":1,"alexscaves:flytrap":1,"minecraft:furnace":3,"minecraft:stick":30,"minecraft:torch":38,"minecraft:spruce_stairs":1,"minecraft:diorite":26,"tombstone:grave_dust":3,"minecraft:pointed_dripstone":1,"mores:topaz_gem":30,"minecraft:cauldron":1,"mores:raw_tin":52,"minecraft:rotten_flesh":21,"minecraft:cobblestone":604,"minecraft:birch_log":24,"minecraft:pink_petals":1,"minecraft:feather":3,"minecraft:repeater":2,"minecraft:andesite":12,"minecraft:flint":2,"minecraft:tuff":5,"minecraft:dirt":1184,"minecraft:mangrove_slab":1,"minecraft:lapis_lazuli":64,"minecraft:bone":8,"minecraft:bow":2,"minecraft:wheat_seeds":3,"minecraft:moss_block":1,"minecraft:oak_planks":41,"mores:raw_cobalt":7,"minecraft:grass_block":1,"minecraft:mossy_cobblestone":2,"minecraft:diamond":17,"waystones:waystone":3,"minecraft:granite":23,"minecraft:spruce_sign":1,"minecraft:oak_sapling":38,"mores:raw_silver":7,"minecraft:coarse_dirt":4,"minecraft:crafting_table":7,"minecraft:chicken":3,"minecraft:chain":1,"immersive_aircraft:biplane":11,"minecraft:beef":3,"minecraft:cyan_wool":2,"minecraft:lectern":1,"minecraft:birch_sapling":6,"minecraft:egg":1,"minecraft:stripped_mangrove_wood":5,"minecraft:raw_iron":65,"minecraft:sandstone":54,"minecraft:copper_ingot":1,"minecraft:redstone":96,"minecraft:dark_oak_planks":13,"minecraft:arrow":20,"minecraft:peony":8,"minecraft:pink_tulip":27,"minecraft:saddle":1,"minecraft:white_wool":10,"minecraft:bone_block":146,"minecraft:oxeye_daisy":22,"minecraft:leather":2,"minecraft:packed_mud":4,"alexscaves:limestone":90,"minecraft:oak_log":103,"minecraft:yellow_bed":7,"minecraft:gunpowder":5,"alexscaves:ambersol":2,"tombstone:gift":1,"minecraft:white_banner":4,"alexscaves:amber":34,"minecraft:apple":4,"minecraft:iron_ingot":1,"minecraft:dripstone_block":1,"minecraft:gravel":6,"mores:ruby_gem":1,"minecraft:spider_eye":1,"mores:sapphire_gem":2,"minecraft:red_nether_brick_slab":1,"tombstone:magic_scroll":4,"minecraft:coal":127}},"DataVersion":3465}