{"stats":{"minecraft:used":{"minecraft:ladder":11,"minecraft:bone_block":7,"mores:tin_pickaxe":89,"minecraft:chest":9,"minecraft:shield":40,"mores:tin_helmet":1,"mores:tourmaline_axe":766,"alexscaves:ambersol":1,"minecraft:carrot":4,"mores:ruby_dagger":8,"minecraft:cyan_wool":2,"minecraft:bow":8,"minecraft:furnace":5,"minecraft:mangrove_slab":2,"immersive_aircraft:biplane":15,"minecraft:diorite":8,"minecraft:stone_pickaxe":415,"minecraft:oak_planks":746,"minecraft:ender_pearl":1,"minecraft:wooden_pickaxe":9,"minecraft:sandstone":44,"mores:topaz_pickaxe":400,"mores:tin_boots":1,"minecraft:golden_apple":1,"minecraft:stripped_mangrove_wood":5,"mores:tin_leggings":1,"waystones:waystone":7,"minecraft:bread":37,"minecraft:lectern":2,"tombstone:grave_key":1,"minecraft:gravel":6,"minecraft:andesite":7,"minecraft:oak_boat":2,"mores:tourmaline_helmet":1,"minecraft:coarse_dirt":1,"minecraft:oak_fence":100,"minecraft:oak_trapdoor":20,"minecraft:wooden_shovel":11,"mores:tourmaline_leggings":2,"minecraft:oak_door":5,"mores:tourmaline_shovel":1517,"minecraft:torch":379,"minecraft:dirt":825,"minecraft:spruce_stairs":1,"mores:tourmaline_chestplate":2,"alexscaves:limestone":78,"minecraft:granite":3,"minecraft:oak_fence_gate":6,"minecraft:dark_oak_planks":3,"minecraft:wooden_axe":8,"mores:steel_battleaxe":38,"minecraft:iron_axe":155,"minecraft:iron_boots":1,"minecraft:goat_horn":1,"tombstone:gift":7,"minecraft:cooked_beef":3,"minecraft:cobbled_deepslate":139,"mores:topaz_hoe":98,"minecraft:water_bucket":15,"mores:tourmaline_boots":2,"mores:topaz_sword":7,"minecraft:red_nether_bricks":1,"mores:topaz_shield":7,"minecraft:birch_boat":7,"minecraft:cauldron":1,"minecraft:fletching_table":1,"minecraft:mossy_cobblestone":1,"minecraft:crafting_table":15,"minecraft:white_bed":1,"minecraft:cake":2,"mores:sterling_leggings":1,"minecraft:diamond_pickaxe":605,"minecraft:apple":24,"minecraft:iron_pickaxe":498,"minecraft:map":1,"tombstone:magic_scroll":25,"mores:cobalt_pickaxe":691,"mores:chocolate":2,"mores:duck_egg":1,"minecraft:stone_axe":83,"mores:topaz_shovel":168,"minecraft:fishing_rod":1,"minecraft:cobblestone":308,"mores:tin_chestplate":1,"minecraft:bucket":15,"minecraft:pumpkin_pie":5,"minecraft:yellow_bed":11,"minecraft:smooth_stone":1},"minecraft:broken":{"mores:tourmaline_shovel":1,"mores:tin_helmet":1,"minecraft:stone_pickaxe":2,"minecraft:stone_axe":1,"mores:cobalt_pickaxe":2,"minecraft:iron_axe":1,"minecraft:iron_pickaxe":2},"minecraft:picked_up":{"minecraft:nether_brick_fence":1,"minecraft:dark_oak_trapdoor":1,"minecraft:string":7,"minecraft:raw_copper":176,"minecraft:red_nether_bricks":9,"mores:tourmaline_gem":46,"minecraft:pufferfish":1,"minecraft:cobbled_deepslate":217,"minecraft:smooth_stone":11,"minecraft:white_tulip":20,"minecraft:rose_bush":1,"minecraft:calcite":6,"minecraft:coal_block":5,"mores:topaz_sword":1,"minecraft:smooth_quartz_stairs":7,"alexscaves:flytrap":1,"minecraft:furnace":3,"minecraft:stick":90,"minecraft:birch_trapdoor":1,"minecraft:oak_fence":25,"minecraft:torch":52,"minecraft:spruce_stairs":1,"minecraft:lightning_rod":1,"mores:topaz_gem":43,"minecraft:pointed_dripstone":1,"tombstone:grave_dust":3,"minecraft:diorite":28,"minecraft:cauldron":4,"mores:raw_tin":52,"minecraft:rotten_flesh":31,"minecraft:cobblestone":1303,"minecraft:birch_log":42,"minecraft:pink_petals":1,"minecraft:feather":3,"minecraft:repeater":2,"minecraft:andesite":12,"minecraft:potato":1,"minecraft:flint":2,"minecraft:tuff":5,"minecraft:lapis_lazuli":64,"minecraft:mangrove_slab":3,"minecraft:dirt":1801,"minecraft:bone":15,"minecraft:bow":2,"minecraft:orange_tulip":10,"minecraft:wheat_seeds":4,"minecraft:moss_block":1,"minecraft:oak_planks":121,"mores:raw_cobalt":7,"minecraft:grass_block":1,"minecraft:mossy_cobblestone":2,"minecraft:diamond":17,"waystones:waystone":8,"minecraft:granite":23,"minecraft:spruce_sign":1,"minecraft:oak_sapling":121,"mores:raw_silver":8,"minecraft:crafting_table":10,"minecraft:coarse_dirt":4,"minecraft:chicken":3,"minecraft:ladder":6,"minecraft:chain":1,"minecraft:oak_trapdoor":3,"immersive_aircraft:biplane":14,"minecraft:cyan_carpet":1,"minecraft:beef":3,"minecraft:oak_boat":2,"minecraft:cyan_wool":2,"minecraft:player_head":1,"minecraft:lectern":2,"minecraft:birch_sapling":14,"minecraft:egg":2,"minecraft:raw_iron":65,"minecraft:sandstone":54,"minecraft:stripped_mangrove_wood":10,"minecraft:oak_door":2,"minecraft:copper_ingot":1,"minecraft:redstone":96,"minecraft:dark_oak_planks":13,"minecraft:arrow":26,"minecraft:peony":25,"minecraft:hay_block":8,"minecraft:pink_tulip":35,"minecraft:saddle":1,"minecraft:white_wool":10,"minecraft:bone_block":146,"minecraft:oxeye_daisy":22,"minecraft:leather":2,"minecraft:packed_mud":4,"alexscaves:limestone":90,"minecraft:oak_log":285,"minecraft:yellow_bed":12,"minecraft:gunpowder":5,"alexscaves:ambersol":2,"minecraft:white_banner":4,"tombstone:gift":1,"alexscaves:amber":34,"minecraft:apple":10,"minecraft:oak_fence_gate":1,"minecraft:iron_ingot":1,"minecraft:dark_oak_stairs":2,"minecraft:book":260,"minecraft:birch_boat":6,"minecraft:dripstone_block":1,"minecraft:gravel":6,"mores:ruby_gem":1,"minecraft:white_bed":2,"minecraft:spider_eye":1,"mores:sapphire_gem":2,"minecraft:red_nether_brick_slab":1,"tombstone:magic_scroll":4,"minecraft:coal":145},"minecraft:crafted":{"immersive_aircraft:engine":1,"minecraft:smooth_stone":4,"minecraft:oak_planks":1068,"minecraft:birch_boat":1,"minecraft:stone":4,"minecraft:iron_boots":1,"mores:tin_ingot":52,"tombstone:grave_key":1,"mores:tourmaline_axe":1,"immersive_aircraft:hull":3,"minecraft:chest":9,"minecraft:oak_fence":99,"mores:silver_ingot":6,"minecraft:wooden_shovel":1,"mores:tourmaline_chestplate":1,"mores:tin_chestplate":1,"mores:tourmaline_boots":1,"minecraft:crafting_table":5,"mores:topaz_hoe":1,"mores:cobalt_pickaxe":2,"minecraft:iron_helmet":1,"minecraft:wooden_pickaxe":1,"mores:topaz_shovel":1,"mores:tin_helmet":1,"minecraft:copper_ingot":76,"minecraft:fletching_table":1,"minecraft:birch_planks":24,"immersive_aircraft:propeller":1,"minecraft:iron_chestplate":1,"minecraft:diamond_pickaxe":1,"minecraft:shield":1,"minecraft:stick":204,"minecraft:iron_ingot":38,"mores:topaz_shield":1,"mores:tourmaline_helmet":1,"minecraft:oak_door":3,"mores:tin_pickaxe":2,"minecraft:coal":81,"minecraft:furnace":4,"minecraft:blast_furnace":1,"immersive_aircraft:biplane":1,"minecraft:piston":2,"minecraft:oak_trapdoor":20,"mores:topaz_pickaxe":1,"mores:ruby_dagger":1,"minecraft:iron_axe":1,"minecraft:ladder":9,"minecraft:stone_pickaxe":3,"mores:tourmaline_leggings":2,"minecraft:wheat":72,"minecraft:cooked_beef":3,"minecraft:coal_block":8,"mores:topaz_sword":1,"immersive_aircraft:boiler":1,"mores:cobalt_ingot":7,"minecraft:bucket":2,"minecraft:stone_axe":1,"mores:tin_leggings":1,"minecraft:air":0,"minecraft:oak_boat":2,"minecraft:oak_fence_gate":5,"mores:tin_boots":1,"mores:tourmaline_shovel":1,"minecraft:wooden_axe":1,"minecraft:torch":400},"minecraft:killed":{"minecraft:spider":7,"minecraft:skeleton":21,"minecraft:chicken":3,"minecraft:zombie_villager":1,"minecraft:creeper":3,"minecraft:pillager":2,"minecraft:zombie":22,"minecraft:cow":1,"minecraft:horse":1,"minecraft:husk":19,"minecraft:enderman":1},"minecraft:mined":{"minecraft:dark_oak_planks":15,"minecraft:red_nether_brick_slab":1,"minecraft:white_bed":2,"minecraft:sculk_vein":1,"minecraft:red_nether_bricks":9,"alexscaves:limestone":91,"minecraft:spruce_trapdoor":1,"minecraft:granite":24,"minecraft:grass_block":1083,"minecraft:coal_block":5,"minecraft:oxeye_daisy":4,"minecraft:spawner":9,"minecraft:smooth_stone":10,"mores:deepslate_tourmaline_ore":46,"minecraft:sculk_catalyst":3,"minecraft:dark_oak_trapdoor":2,"minecraft:iron_ore":49,"minecraft:cobbled_deepslate":12,"minecraft:fire":2,"minecraft:dark_oak_stairs":2,"minecraft:sculk_shrieker":1,"minecraft:pointed_dripstone":4,"mores:deepslate_sapphire_ore":2,"minecraft:water_cauldron":4,"minecraft:dirt_path":1,"alexscaves:ambersol":2,"minecraft:pink_tulip":11,"minecraft:stripped_mangrove_wood":10,"minecraft:player_head":1,"minecraft:spruce_slab":1,"minecraft:deepslate_redstone_ore":11,"alexscaves:amber":43,"mores:deepslate_anthracite_ore":5,"minecraft:torch":8,"minecraft:calcite":14,"minecraft:cobblestone":35,"minecraft:oak_planks":85,"minecraft:wall_torch":14,"minecraft:cauldron":1,"minecraft:pink_petals":2,"minecraft:seagrass":1,"minecraft:chain":1,"minecraft:cyan_wool":8,"minecraft:repeater":2,"minecraft:birch_log":42,"minecraft:birch_trapdoor":1,"minecraft:orange_tulip":8,"minecraft:grass":19,"minecraft:oak_log":302,"minecraft:oak_fence_gate":1,"minecraft:loom":2,"minecraft:dirt":718,"mores:silver_ore":8,"mores:deepslate_topaz_ore":21,"minecraft:oak_leaves":31,"minecraft:deepslate":309,"minecraft:tuff":38,"minecraft:mossy_cobblestone":2,"minecraft:deepslate_diamond_ore":18,"minecraft:oak_door":2,"minecraft:glow_lichen":1,"minecraft:ladder":2,"minecraft:dark_oak_fence":8,"minecraft:spruce_fence":1,"minecraft:redstone_wire":28,"minecraft:moss_block":1,"minecraft:sandstone":55,"minecraft:large_fern":1,"minecraft:hay_block":8,"minecraft:redstone_ore":4,"minecraft:oak_trapdoor":3,"minecraft:furnace":3,"minecraft:packed_mud":4,"minecraft:andesite":13,"minecraft:peony":29,"minecraft:nether_brick_fence":1,"minecraft:bookshelf":87,"minecraft:deepslate_iron_ore":16,"minecraft:smooth_quartz_stairs":8,"minecraft:stone":1308,"minecraft:white_tulip":17,"minecraft:bone_block":149,"minecraft:glass_pane":1,"mores:cobalt_ore":7,"minecraft:oak_fence":23,"minecraft:crafting_table":10,"alexscaves:flytrap":1,"minecraft:rose_bush":1,"minecraft:sculk_sensor":4,"minecraft:lectern":3,"minecraft:lightning_rod":1,"minecraft:copper_ore":35,"minecraft:lapis_ore":10,"minecraft:sculk":28,"minecraft:diorite":24,"mores:tin_ore":15,"minecraft:spruce_stairs":1,"minecraft:coarse_dirt":3,"mores:deepslate_ruby_ore":1,"minecraft:birch_leaves":1,"minecraft:white_wall_banner":2,"minecraft:yellow_bed":12,"minecraft:mangrove_slab":3,"minecraft:coal_ore":134,"minecraft:gravel":26,"minecraft:cyan_carpet":1,"minecraft:dripstone_block":1,"minecraft:mossy_stone_bricks":1},"minecraft:dropped":{"minecraft:stripped_mangrove_wood":5,"minecraft:orange_tulip":3,"minecraft:dirt":16,"minecraft:dark_oak_trapdoor":1,"minecraft:chain":1,"mores:tourmaline_leggings":1,"minecraft:dark_oak_planks":4,"minecraft:mangrove_slab":1,"minecraft:cyan_carpet":1,"minecraft:bone":4,"minecraft:goat_horn":1,"minecraft:cobbled_deepslate":5,"minecraft:rotten_flesh":11,"minecraft:oak_planks":1,"mores:sterling_leggings":1,"minecraft:egg":1,"minecraft:iron_helmet":1,"minecraft:cobblestone":135,"minecraft:diorite":6,"tombstone:grave_key":1,"tombstone:grave_dust":4,"minecraft:white_banner":2,"minecraft:smooth_stone":1,"minecraft:string":4,"minecraft:pink_petals":1,"minecraft:coarse_dirt":3,"minecraft:tuff":5,"minecraft:iron_boots":1,"minecraft:lightning_rod":1,"minecraft:iron_chestplate":1,"minecraft:oak_boat":1,"mores:topaz_sword":1,"minecraft:bow":1,"minecraft:calcite":6},"minecraft:killed_by":{"minecraft:creeper":4,"minecraft:pillager":1,"minecraft:drowned":5,"minecraft:witch":1,"minecraft:zombie":3,"minecraft:husk":8,"minecraft:spider":1,"alexscaves:vallumraptor":2,"minecraft:skeleton":5},"minecraft:custom":{"minecraft:animals_bred":10,"minecraft:interact_with_crafting_table":105,"minecraft:open_barrel":37,"minecraft:bell_ring":1,"minecraft:eat_cake_slice":13,"minecraft:leave_game":25,"minecraft:time_since_death":86712,"minecraft:sprint_one_cm":882319,"minecraft:damage_blocked_by_shield":2085,"minecraft:drop":57,"minecraft:talked_to_villager":22,"minecraft:play_time":532463,"minecraft:deaths":39,"minecraft:jump":4664,"minecraft:walk_on_water_one_cm":68170,"minecraft:interact_with_furnace":85,"minecraft:sleep_in_bed":19,"minecraft:waystone_activated":9,"tombstone:sneak_grave":1,"minecraft:damage_dealt":19466,"minecraft:crouch_one_cm":20647,"tombstone:undead_killed":63,"minecraft:horse_one_cm":3220,"minecraft:mob_kills":84,"minecraft:interact_with_anvil":1,"minecraft:climb_one_cm":24593,"minecraft:walk_one_cm":1680083,"minecraft:sneak_time":11191,"minecraft:walk_under_water_one_cm":90701,"minecraft:total_world_time":532463,"tombstone:raider_killed":2,"minecraft:interact_with_grindstone":1,"minecraft:interact_with_stonecutter":1,"minecraft:time_since_rest":10624,"minecraft:damage_taken":14536,"minecraft:damage_absorbed":10,"minecraft:swim_one_cm":95171,"minecraft:fly_one_cm":495400,"minecraft:open_chest":217,"minecraft:fish_caught":1,"minecraft:fall_one_cm":103491}},"DataVersion":3465}